[0.000000] (-) TimerEvent: {}
[0.000136] (-) JobUnselected: {'identifier': 'Arm_Lib'}
[0.000240] (-) JobUnselected: {'identifier': 'dofbot_color_identify'}
[0.000408] (-) JobUnselected: {'identifier': 'dofbot_color_stacking'}
[0.000487] (-) JobUnselected: {'identifier': 'dofbot_driver'}
[0.000514] (-) JobUnselected: {'identifier': 'dofbot_face_follow'}
[0.000566] (-) JobUnselected: {'identifier': 'dofbot_follow'}
[0.000589] (-) JobUnselected: {'identifier': 'dofbot_info'}
[0.000645] (-) JobUnselected: {'identifier': 'dofbot_mediapipe'}
[0.000663] (-) JobUnselected: {'identifier': 'dofbot_moveit'}
[0.000679] (-) JobUnselected: {'identifier': 'dofbot_msgs'}
[0.000705] (-) JobUnselected: {'identifier': 'dofbot_snake_follow'}
[0.000722] (-) JobUnselected: {'identifier': 'dofbot_sorting'}
[0.000761] (-) JobUnselected: {'identifier': 'dofbot_sorting_3d'}
[0.000780] (-) JobUnselected: {'identifier': 'dofbot_urdf'}
[0.000797] (-) JobUnselected: {'identifier': 'dofbot_voice_ctrl'}
[0.000838] (-) JobUnselected: {'identifier': 'dofbot_yolov11'}
[0.000855] (-) JobUnselected: {'identifier': 'yahboom_speech'}
[0.000902] (dofbot_interface) JobQueued: {'identifier': 'dofbot_interface', 'dependencies': OrderedDict()}
[0.000922] (dofbot_interface) JobStarted: {'identifier': 'dofbot_interface'}
[0.004649] (dofbot_interface) JobProgress: {'identifier': 'dofbot_interface', 'progress': 'cmake'}
[0.004948] (dofbot_interface) JobProgress: {'identifier': 'dofbot_interface', 'progress': 'build'}
[0.005339] (dofbot_interface) Command: {'cmd': ['/usr/bin/cmake', '--build', '/home/jloy/Desktop/robot-arm/dofbot_ws/build_color_sorting/dofbot_interface', '--', '-j16', '-l16'], 'cwd': '/home/jloy/Desktop/robot-arm/dofbot_ws/build_color_sorting/dofbot_interface', 'env': OrderedDict([('GJS_DEBUG_TOPICS', 'JS ERROR;JS LOG'), ('LESSOPEN', '| /usr/bin/lesspipe %s'), ('CODEX_CI', '1'), ('USER', 'jloy'), ('LC_TIME', 'en_US.UTF-8'), ('XDG_SESSION_TYPE', 'wayland'), ('GIT_ASKPASS', '/usr/share/code/resources/app/extensions/git/dist/askpass.sh'), ('SHLVL', '2'), ('LD_LIBRARY_PATH', '/opt/ros/humble/opt/rviz_ogre_vendor/lib:/opt/ros/humble/lib/x86_64-linux-gnu:/opt/ros/humble/lib'), ('HOME', '/home/jloy'), ('CHROME_DESKTOP', 'code.desktop'), ('TERM_PROGRAM_VERSION', '1.138.0'), ('DESKTOP_SESSION', 'ubuntu'), ('NVM_BIN', '/home/jloy/.nvm/versions/node/v22.23.2/bin'), ('NVM_INC', '/home/jloy/.nvm/versions/node/v22.23.2/include/node'), ('GIO_LAUNCHED_DESKTOP_FILE', '/usr/share/applications/code.desktop'), ('ROS_PYTHON_VERSION', '3'), ('GNOME_SHELL_SESSION_MODE', 'ubuntu'), ('GTK_MODULES', 'gail:atk-bridge'), ('PAGER', 'cat'), ('VSCODE_GIT_ASKPASS_MAIN', '/usr/share/code/resources/app/extensions/git/dist/askpass-main.js'), ('LC_MONETARY', 'en_US.UTF-8'), ('VSCODE_GIT_ASKPASS_NODE', '/usr/share/code/code'), ('MANAGERPID', '2095'), ('LC_CTYPE', 'C.UTF-8'), ('SYSTEMD_EXEC_PID', '2279'), ('IM_CONFIG_CHECK_ENV', '1'), ('VSCODE_PYTHON_AUTOACTIVATE_GUARD', '1'), ('NO_COLOR', '1'), ('DBUS_SESSION_BUS_ADDRESS', 'unix:path=/run/user/1000/bus'), ('COLORTERM', ''), ('LIBVIRT_DEFAULT_URI', 'qemu:///system'), ('GIO_LAUNCHED_DESKTOP_FILE_PID', '3695'), ('NVM_DIR', '/home/jloy/.nvm'), ('IM_CONFIG_PHASE', '1'), ('WAYLAND_DISPLAY', 'wayland-0'), ('CODEX_PERMISSION_PROFILE', ':workspace'), ('ROS_DISTRO', 'humble'), ('LOGNAME', 'jloy'), ('JOURNAL_STREAM', '8:2826'), ('_', '/usr/bin/colcon'), ('ROS_VERSION', '2'), ('XDG_SESSION_CLASS', 'user'), ('USERNAME', 'jloy'), ('TERM', 'dumb'), ('GNOME_DESKTOP_SESSION_ID', 'this-is-deprecated'), ('FC_FONTATIONS', '1'), ('ROS_LOCALHOST_ONLY', '0'), ('PATH', '/home/jloy/.local/bin:/home/jloy/.local/bin:/home/jloy/.codex/packages/standalone/releases/0.155.1-x86_64-unknown-linux-musl/codex-path:/home/jloy/.codex/tmp/arg0/codex-arg0lp05VX:/home/jloy/.opencode/bin:/home/jloy/.local/bin:/home/jloy/.local/bin:/home/jloy/.local/bin:/opt/ros/humble/bin:/home/jloy/.nvm/versions/node/v22.23.2/bin:/home/jloy/.opencode/bin:/home/jloy/.local/bin:/home/jloy/.local/bin:/home/jloy/.local/bin:/usr/local/sbin:/usr/local/bin:/usr/sbin:/usr/bin:/sbin:/bin:/usr/games:/usr/local/games:/snap/bin:/snap/bin'), ('SESSION_MANAGER', 'local/jloy-Nitro-ANV15-51:@/tmp/.ICE-unix/2250,unix/jloy-Nitro-ANV15-51:/tmp/.ICE-unix/2250'), ('CODEX_VERSION', '0.155.1'), ('CODEX_SESSION_ID', '01a0c9be-f700-7942-ae1e-e50f303b0d91'), ('INVOCATION_ID', '2365faaceea2487fbc7104500b044303'), ('PAPERSIZE', 'letter'), ('XDG_MENU_PREFIX', 'gnome-'), ('LC_ADDRESS', 'en_US.UTF-8'), ('GNOME_SETUP_DISPLAY', ':1'), ('XDG_RUNTIME_DIR', '/run/user/1000'), ('GDK_BACKEND', 'wayland'), ('DISPLAY', ':0'), ('CODEX_SANDBOX_NETWORK_DISABLED', '1'), ('LANG', 'C.UTF-8'), ('XDG_CURRENT_DESKTOP', 'ubuntu:GNOME'), ('LC_TELEPHONE', 'en_US.UTF-8'), ('XMODIFIERS', '@im=ibus'), ('GH_PAGER', 'cat'), ('XDG_SESSION_DESKTOP', 'ubuntu'), ('XAUTHORITY', '/run/user/1000/.mutter-Xwaylandauth.LAAKW3'), ('LS_COLORS', 'rs=0:di=01;34:ln=01;36:mh=00:pi=40;33:so=01;35:do=01;35:bd=40;33;01:cd=40;33;01:or=40;31;01:mi=00:su=37;41:sg=30;43:ca=30;41:tw=30;42:ow=34;42:st=37;44:ex=01;32:*.tar=01;31:*.tgz=01;31:*.arc=01;31:*.arj=01;31:*.taz=01;31:*.lha=01;31:*.lz4=01;31:*.lzh=01;31:*.lzma=01;31:*.tlz=01;31:*.txz=01;31:*.tzo=01;31:*.t7z=01;31:*.zip=01;31:*.z=01;31:*.dz=01;31:*.gz=01;31:*.lrz=01;31:*.lz=01;31:*.lzo=01;31:*.xz=01;31:*.zst=01;31:*.tzst=01;31:*.bz2=01;31:*.bz=01;31:*.tbz=01;31:*.tbz2=01;31:*.tz=01;31:*.deb=01;31:*.rpm=01;31:*.jar=01;31:*.war=01;31:*.ear=01;31:*.sar=01;31:*.rar=01;31:*.alz=01;31:*.ace=01;31:*.zoo=01;31:*.cpio=01;31:*.7z=01;31:*.rz=01;31:*.cab=01;31:*.wim=01;31:*.swm=01;31:*.dwm=01;31:*.esd=01;31:*.jpg=01;35:*.jpeg=01;35:*.mjpg=01;35:*.mjpeg=01;35:*.gif=01;35:*.bmp=01;35:*.pbm=01;35:*.pgm=01;35:*.ppm=01;35:*.tga=01;35:*.xbm=01;35:*.xpm=01;35:*.tif=01;35:*.tiff=01;35:*.png=01;35:*.svg=01;35:*.svgz=01;35:*.mng=01;35:*.pcx=01;35:*.mov=01;35:*.mpg=01;35:*.mpeg=01;35:*.m2v=01;35:*.mkv=01;35:*.webm=01;35:*.webp=01;35:*.ogm=01;35:*.mp4=01;35:*.m4v=01;35:*.mp4v=01;35:*.vob=01;35:*.qt=01;35:*.nuv=01;35:*.wmv=01;35:*.asf=01;35:*.rm=01;35:*.rmvb=01;35:*.flc=01;35:*.avi=01;35:*.fli=01;35:*.flv=01;35:*.gl=01;35:*.dl=01;35:*.xcf=01;35:*.xwd=01;35:*.yuv=01;35:*.cgm=01;35:*.emf=01;35:*.ogv=01;35:*.ogx=01;35:*.aac=00;36:*.au=00;36:*.flac=00;36:*.m4a=00;36:*.mid=00;36:*.midi=00;36:*.mka=00;36:*.mp3=00;36:*.mpc=00;36:*.ogg=00;36:*.ra=00;36:*.wav=00;36:*.oga=00;36:*.opus=00;36:*.spx=00;36:*.xspf=00;36:'), ('VSCODE_GIT_IPC_HANDLE', '/run/user/1000/vscode-git-6617e592ad.sock'), ('TERM_PROGRAM', 'vscode'), ('SSH_AGENT_LAUNCHER', 'gnome-keyring'), ('SSH_AUTH_SOCK', '/run/user/1000/keyring/ssh'), ('AMENT_PREFIX_PATH', '/opt/ros/humble'), ('SHELL', '/bin/bash'), ('LC_NAME', 'en_US.UTF-8'), ('QT_ACCESSIBILITY', '1'), ('GDMSESSION', 'ubuntu'), ('LESSCLOSE', '/usr/bin/lesspipe %s %s'), ('CODEX_THREAD_ID', '01a0c9be-f700-7942-ae1e-e50f303b0d91'), ('LC_MEASUREMENT', 'en_US.UTF-8'), ('GJS_DEBUG_OUTPUT', 'stderr'), ('LC_IDENTIFICATION', 'en_US.UTF-8'), ('VSCODE_GIT_ASKPASS_EXTRA_ARGS', ''), ('GIT_PAGER', 'cat'), ('QT_IM_MODULE', 'ibus'), ('PWD', '/home/jloy/Desktop/robot-arm/dofbot_ws/build_color_sorting/dofbot_interface'), ('LC_ALL', 'C.UTF-8'), ('XDG_CONFIG_DIRS', '/etc/xdg/xdg-ubuntu:/etc/xdg'), ('NVM_CD_FLAGS', ''), ('XDG_DATA_DIRS', '/usr/share/ubuntu:/usr/local/share/:/usr/share/:/var/lib/snapd/desktop'), ('PYTHONPATH', '/opt/ros/humble/lib/python3.10/site-packages:/opt/ros/humble/local/lib/python3.10/dist-packages'), ('LC_NUMERIC', 'en_US.UTF-8'), ('LC_PAPER', 'en_US.UTF-8'), ('COLCON', '1'), ('CMAKE_PREFIX_PATH', '/opt/ros/humble')]), 'shell': False}
[0.036338] (dofbot_interface) StdoutLine: {'line': b'[  1%] Generating C code for ROS interfaces\n'}
[0.038371] (dofbot_interface) StdoutLine: {'line': b'[  2%] Generating Rust code for ROS interfaces\n'}
[0.042740] (dofbot_interface) StdoutLine: {'line': b'[  2%] Built target ament_cmake_python_copy_dofbot_interface\n'}
[0.043524] (dofbot_interface) StdoutLine: {'line': b'[  2%] Generating C++ code for ROS interfaces\n'}
[0.099898] (-) TimerEvent: {}
[0.181283] (dofbot_interface) StdoutLine: {'line': b'running egg_info\n'}
[0.181673] (dofbot_interface) StdoutLine: {'line': b'creating dofbot_interface.egg-info\n'}
[0.181771] (dofbot_interface) StdoutLine: {'line': b'writing dofbot_interface.egg-info/PKG-INFO\n'}
[0.181854] (dofbot_interface) StdoutLine: {'line': b'writing dependency_links to dofbot_interface.egg-info/dependency_links.txt\n'}
[0.181919] (dofbot_interface) StdoutLine: {'line': b'writing top-level names to dofbot_interface.egg-info/top_level.txt\n'}
[0.182091] (dofbot_interface) StdoutLine: {'line': b"writing manifest file 'dofbot_interface.egg-info/SOURCES.txt'\n"}
[0.183139] (dofbot_interface) StdoutLine: {'line': b"reading manifest file 'dofbot_interface.egg-info/SOURCES.txt'\n"}
[0.183528] (dofbot_interface) StdoutLine: {'line': b"writing manifest file 'dofbot_interface.egg-info/SOURCES.txt'\n"}
[0.199988] (-) TimerEvent: {}
[0.203497] (dofbot_interface) StdoutLine: {'line': b'[  2%] Built target ament_cmake_python_build_dofbot_interface_egg\n'}
[0.300071] (-) TimerEvent: {}
[0.313091] (dofbot_interface) StdoutLine: {'line': b'[  2%] Built target dofbot_interface__rs\n'}
[0.400150] (-) TimerEvent: {}
[0.500280] (-) TimerEvent: {}
[0.554615] (dofbot_interface) StdoutLine: {'line': b'[  3%] Building C object CMakeFiles/dofbot_interface__rosidl_generator_c.dir/rosidl_generator_c/dofbot_interface/msg/detail/joint_info__functions.c.o\n'}
[0.554913] (dofbot_interface) StdoutLine: {'line': b'[  4%] Building C object CMakeFiles/dofbot_interface__rosidl_generator_c.dir/rosidl_generator_c/dofbot_interface/srv/detail/kinemarics__functions.c.o\n'}
[0.555044] (dofbot_interface) StdoutLine: {'line': b'[  5%] Building C object CMakeFiles/dofbot_interface__rosidl_generator_c.dir/rosidl_generator_c/dofbot_interface/msg/detail/position__functions.c.o\n'}
[0.555104] (dofbot_interface) StdoutLine: {'line': b'[  5%] Building C object CMakeFiles/dofbot_interface__rosidl_generator_c.dir/rosidl_generator_c/dofbot_interface/msg/detail/arm_joint__functions.c.o\n'}
[0.555136] (dofbot_interface) StdoutLine: {'line': b'[  5%] Built target dofbot_interface__cpp\n'}
[0.555166] (dofbot_interface) StdoutLine: {'line': b'[  6%] Building C object CMakeFiles/dofbot_interface__rosidl_generator_c.dir/rosidl_generator_c/dofbot_interface/srv/detail/dofbot_pro_kinemarics__functions.c.o\n'}
[0.555199] (dofbot_interface) StdoutLine: {'line': b'[  7%] Building C object CMakeFiles/dofbot_interface__rosidl_generator_c.dir/rosidl_generator_c/dofbot_interface/msg/detail/image_msg__functions.c.o\n'}
[0.555345] (dofbot_interface) StdoutLine: {'line': b'[  8%] Building C object CMakeFiles/dofbot_interface__rosidl_generator_c.dir/rosidl_generator_c/dofbot_interface/srv/detail/cur_joint__functions.c.o\n'}
[0.555596] (dofbot_interface) StdoutLine: {'line': b'[  9%] Building C object CMakeFiles/dofbot_interface__rosidl_generator_c.dir/rosidl_generator_c/dofbot_interface/msg/detail/pos_info__functions.c.o\n'}
[0.556277] (dofbot_interface) StdoutLine: {'line': b'[ 10%] Building C object CMakeFiles/dofbot_interface__rosidl_generator_c.dir/rosidl_generator_c/dofbot_interface/msg/detail/yolov11_detect__functions.c.o\n'}
[0.557466] (dofbot_interface) StdoutLine: {'line': b'[ 11%] Building C object CMakeFiles/dofbot_interface__rosidl_generator_c.dir/rosidl_generator_c/dofbot_interface/msg/detail/width_info__functions.c.o\n'}
[0.557610] (dofbot_interface) StdoutLine: {'line': b'[ 12%] Building C object CMakeFiles/dofbot_interface__rosidl_generator_c.dir/rosidl_generator_c/dofbot_interface/msg/detail/april_tag_info__functions.c.o\n'}
[0.565151] (dofbot_interface) StdoutLine: {'line': b'[ 13%] Generating C++ type support dispatch for ROS interfaces\n'}
[0.565305] (dofbot_interface) StdoutLine: {'line': b'[ 14%] Generating C++ type support for eProsima Fast-RTPS\n'}
[0.565360] (dofbot_interface) StdoutLine: {'line': b'[ 15%] Generating C++ introspection for ROS interfaces\n'}
[0.600359] (-) TimerEvent: {}
[0.617949] (dofbot_interface) StdoutLine: {'line': b'[ 16%] Linking C shared library libdofbot_interface__rosidl_generator_c.so\n'}
[0.650570] (dofbot_interface) StdoutLine: {'line': b'[ 16%] Built target dofbot_interface__rosidl_generator_c\n'}
[0.656905] (dofbot_interface) StdoutLine: {'line': b'[ 18%] Generating C introspection for ROS interfaces\n'}
[0.657117] (dofbot_interface) StdoutLine: {'line': b'[ 18%] Generating C type support dispatch for ROS interfaces\n'}
[0.657184] (dofbot_interface) StdoutLine: {'line': b'[ 19%] Generating C type support for eProsima Fast-RTPS\n'}
[0.700443] (-) TimerEvent: {}
[0.800594] (-) TimerEvent: {}
[0.898904] (dofbot_interface) StdoutLine: {'line': b'[ 20%] Building CXX object CMakeFiles/dofbot_interface__rosidl_typesupport_cpp.dir/rosidl_typesupport_cpp/dofbot_interface/srv/kinemarics__type_support.cpp.o\n'}
[0.899406] (dofbot_interface) StdoutLine: {'line': b'[ 21%] Building CXX object CMakeFiles/dofbot_interface__rosidl_typesupport_cpp.dir/rosidl_typesupport_cpp/dofbot_interface/srv/dofbot_pro_kinemarics__type_support.cpp.o\n'}
[0.900881] (dofbot_interface) StdoutLine: {'line': b'[ 22%] Building CXX object CMakeFiles/dofbot_interface__rosidl_typesupport_cpp.dir/rosidl_typesupport_cpp/dofbot_interface/srv/cur_joint__type_support.cpp.o\n'}
[0.900987] (-) TimerEvent: {}
[0.901013] (dofbot_interface) StdoutLine: {'line': b'[ 23%] Building CXX object CMakeFiles/dofbot_interface__rosidl_typesupport_cpp.dir/rosidl_typesupport_cpp/dofbot_interface/msg/arm_joint__type_support.cpp.o\n'}
[0.901073] (dofbot_interface) StdoutLine: {'line': b'[ 21%] Building CXX object CMakeFiles/dofbot_interface__rosidl_typesupport_cpp.dir/rosidl_typesupport_cpp/dofbot_interface/msg/joint_info__type_support.cpp.o\n'}
[0.901116] (dofbot_interface) StdoutLine: {'line': b'[ 25%] Building CXX object CMakeFiles/dofbot_interface__rosidl_typesupport_cpp.dir/rosidl_typesupport_cpp/dofbot_interface/msg/position__type_support.cpp.o\n'}
[0.901157] (dofbot_interface) StdoutLine: {'line': b'[ 25%] Building CXX object CMakeFiles/dofbot_interface__rosidl_typesupport_cpp.dir/rosidl_typesupport_cpp/dofbot_interface/msg/pos_info__type_support.cpp.o\n'}
[0.901877] (dofbot_interface) StdoutLine: {'line': b'[ 26%] Building CXX object CMakeFiles/dofbot_interface__rosidl_typesupport_cpp.dir/rosidl_typesupport_cpp/dofbot_interface/msg/image_msg__type_support.cpp.o\n'}
[0.902348] (dofbot_interface) StdoutLine: {'line': b'[ 27%] Building CXX object CMakeFiles/dofbot_interface__rosidl_typesupport_cpp.dir/rosidl_typesupport_cpp/dofbot_interface/msg/april_tag_info__type_support.cpp.o\n'}
[0.902925] (dofbot_interface) StdoutLine: {'line': b'[ 28%] Building CXX object CMakeFiles/dofbot_interface__rosidl_typesupport_cpp.dir/rosidl_typesupport_cpp/dofbot_interface/msg/width_info__type_support.cpp.o\n'}
[0.904310] (dofbot_interface) StdoutLine: {'line': b'[ 29%] Building CXX object CMakeFiles/dofbot_interface__rosidl_typesupport_cpp.dir/rosidl_typesupport_cpp/dofbot_interface/msg/yolov11_detect__type_support.cpp.o\n'}
[1.004043] (-) TimerEvent: {}
[1.104212] (-) TimerEvent: {}
[1.117184] (dofbot_interface) StdoutLine: {'line': b'[ 29%] Building CXX object CMakeFiles/dofbot_interface__rosidl_typesupport_c.dir/rosidl_typesupport_c/dofbot_interface/srv/kinemarics__type_support.cpp.o\n'}
[1.149681] (dofbot_interface) StdoutLine: {'line': b'[ 30%] Building CXX object CMakeFiles/dofbot_interface__rosidl_typesupport_c.dir/rosidl_typesupport_c/dofbot_interface/srv/cur_joint__type_support.cpp.o\n'}
[1.153199] (dofbot_interface) StdoutLine: {'line': b'[ 31%] Building CXX object CMakeFiles/dofbot_interface__rosidl_typesupport_c.dir/rosidl_typesupport_c/dofbot_interface/srv/dofbot_pro_kinemarics__type_support.cpp.o\n'}
[1.155868] (dofbot_interface) StdoutLine: {'line': b'[ 32%] Building CXX object CMakeFiles/dofbot_interface__rosidl_typesupport_c.dir/rosidl_typesupport_c/dofbot_interface/msg/joint_info__type_support.cpp.o\n'}
[1.166406] (dofbot_interface) StdoutLine: {'line': b'[ 33%] Building CXX object CMakeFiles/dofbot_interface__rosidl_typesupport_c.dir/rosidl_typesupport_c/dofbot_interface/msg/pos_info__type_support.cpp.o\n'}
[1.170177] (dofbot_interface) StdoutLine: {'line': b'[ 34%] Building CXX object CMakeFiles/dofbot_interface__rosidl_typesupport_introspection_cpp.dir/rosidl_typesupport_introspection_cpp/dofbot_interface/srv/detail/kinemarics__type_support.cpp.o\n'}
[1.171760] (dofbot_interface) StdoutLine: {'line': b'[ 35%] Building CXX object CMakeFiles/dofbot_interface__rosidl_typesupport_introspection_cpp.dir/rosidl_typesupport_introspection_cpp/dofbot_interface/srv/detail/cur_joint__type_support.cpp.o\n'}
[1.177138] (dofbot_interface) StdoutLine: {'line': b'[ 36%] Building CXX object CMakeFiles/dofbot_interface__rosidl_typesupport_introspection_cpp.dir/rosidl_typesupport_introspection_cpp/dofbot_interface/srv/detail/dofbot_pro_kinemarics__type_support.cpp.o\n'}
[1.182640] (dofbot_interface) StdoutLine: {'line': b'[ 37%] Building CXX object CMakeFiles/dofbot_interface__rosidl_typesupport_c.dir/rosidl_typesupport_c/dofbot_interface/msg/position__type_support.cpp.o\n'}
[1.183914] (dofbot_interface) StdoutLine: {'line': b'[ 38%] Building CXX object CMakeFiles/dofbot_interface__rosidl_typesupport_c.dir/rosidl_typesupport_c/dofbot_interface/msg/arm_joint__type_support.cpp.o\n'}
[1.184370] (dofbot_interface) StdoutLine: {'line': b'[ 38%] Building CXX object CMakeFiles/dofbot_interface__rosidl_typesupport_introspection_cpp.dir/rosidl_typesupport_introspection_cpp/dofbot_interface/msg/detail/joint_info__type_support.cpp.o\n'}
[1.185933] (dofbot_interface) StdoutLine: {'line': b'[ 39%] Building CXX object CMakeFiles/dofbot_interface__rosidl_typesupport_introspection_cpp.dir/rosidl_typesupport_introspection_cpp/dofbot_interface/msg/detail/pos_info__type_support.cpp.o\n'}
[1.186710] (dofbot_interface) StdoutLine: {'line': b'[ 40%] Building CXX object CMakeFiles/dofbot_interface__rosidl_typesupport_introspection_cpp.dir/rosidl_typesupport_introspection_cpp/dofbot_interface/msg/detail/position__type_support.cpp.o\n'}
[1.188097] (dofbot_interface) StdoutLine: {'line': b'[ 41%] Linking CXX shared library libdofbot_interface__rosidl_typesupport_cpp.so\n'}
[1.199075] (dofbot_interface) StdoutLine: {'line': b'[ 43%] Building CXX object CMakeFiles/dofbot_interface__rosidl_typesupport_introspection_cpp.dir/rosidl_typesupport_introspection_cpp/dofbot_interface/msg/detail/image_msg__type_support.cpp.o\n'}
[1.199221] (dofbot_interface) StdoutLine: {'line': b'[ 43%] Building CXX object CMakeFiles/dofbot_interface__rosidl_typesupport_introspection_cpp.dir/rosidl_typesupport_introspection_cpp/dofbot_interface/msg/detail/arm_joint__type_support.cpp.o\n'}
[1.199374] (dofbot_interface) StdoutLine: {'line': b'[ 44%] Building CXX object CMakeFiles/dofbot_interface__rosidl_typesupport_c.dir/rosidl_typesupport_c/dofbot_interface/msg/image_msg__type_support.cpp.o\n'}
[1.199768] (dofbot_interface) StdoutLine: {'line': b'[ 45%] Building CXX object CMakeFiles/dofbot_interface__rosidl_typesupport_introspection_cpp.dir/rosidl_typesupport_introspection_cpp/dofbot_interface/msg/detail/width_info__type_support.cpp.o\n'}
[1.204344] (-) TimerEvent: {}
[1.219654] (dofbot_interface) StdoutLine: {'line': b'[ 46%] Building CXX object CMakeFiles/dofbot_interface__rosidl_typesupport_introspection_cpp.dir/rosidl_typesupport_introspection_cpp/dofbot_interface/msg/detail/april_tag_info__type_support.cpp.o\n'}
[1.219791] (dofbot_interface) StdoutLine: {'line': b'[ 47%] Building CXX object CMakeFiles/dofbot_interface__rosidl_typesupport_c.dir/rosidl_typesupport_c/dofbot_interface/msg/width_info__type_support.cpp.o\n'}
[1.227324] (dofbot_interface) StdoutLine: {'line': b'[ 47%] Built target dofbot_interface__rosidl_typesupport_cpp\n'}
[1.228436] (dofbot_interface) StdoutLine: {'line': b'[ 48%] Building CXX object CMakeFiles/dofbot_interface__rosidl_typesupport_introspection_cpp.dir/rosidl_typesupport_introspection_cpp/dofbot_interface/msg/detail/yolov11_detect__type_support.cpp.o\n'}
[1.230080] (dofbot_interface) StdoutLine: {'line': b'[ 49%] Building CXX object CMakeFiles/dofbot_interface__rosidl_typesupport_fastrtps_cpp.dir/rosidl_typesupport_fastrtps_cpp/dofbot_interface/srv/detail/dds_fastrtps/kinemarics__type_support.cpp.o\n'}
[1.237763] (dofbot_interface) StdoutLine: {'line': b'[ 49%] Building CXX object CMakeFiles/dofbot_interface__rosidl_typesupport_c.dir/rosidl_typesupport_c/dofbot_interface/msg/april_tag_info__type_support.cpp.o\n'}
[1.254065] (dofbot_interface) StdoutLine: {'line': b'[ 50%] Building CXX object CMakeFiles/dofbot_interface__rosidl_typesupport_fastrtps_cpp.dir/rosidl_typesupport_fastrtps_cpp/dofbot_interface/srv/detail/dds_fastrtps/cur_joint__type_support.cpp.o\n'}
[1.260450] (dofbot_interface) StdoutLine: {'line': b'[ 50%] Building C object CMakeFiles/dofbot_interface__rosidl_typesupport_introspection_c.dir/rosidl_typesupport_introspection_c/dofbot_interface/srv/detail/kinemarics__type_support.c.o\n'}
[1.277247] (dofbot_interface) StdoutLine: {'line': b'[ 51%] Building CXX object CMakeFiles/dofbot_interface__rosidl_typesupport_c.dir/rosidl_typesupport_c/dofbot_interface/msg/yolov11_detect__type_support.cpp.o\n'}
[1.304448] (-) TimerEvent: {}
[1.307716] (dofbot_interface) StdoutLine: {'line': b'[ 52%] Linking CXX shared library libdofbot_interface__rosidl_typesupport_c.so\n'}
[1.320019] (dofbot_interface) StdoutLine: {'line': b'[ 53%] Building C object CMakeFiles/dofbot_interface__rosidl_typesupport_introspection_c.dir/rosidl_typesupport_introspection_c/dofbot_interface/srv/detail/cur_joint__type_support.c.o\n'}
[1.360036] (dofbot_interface) StdoutLine: {'line': b'[ 53%] Built target dofbot_interface__rosidl_typesupport_c\n'}
[1.361748] (dofbot_interface) StdoutLine: {'line': b'[ 54%] Building C object CMakeFiles/dofbot_interface__rosidl_typesupport_introspection_c.dir/rosidl_typesupport_introspection_c/dofbot_interface/srv/detail/dofbot_pro_kinemarics__type_support.c.o\n'}
[1.370474] (dofbot_interface) StdoutLine: {'line': b'[ 55%] Building C object CMakeFiles/dofbot_interface__rosidl_typesupport_introspection_c.dir/rosidl_typesupport_introspection_c/dofbot_interface/msg/detail/joint_info__type_support.c.o\n'}
[1.405787] (-) TimerEvent: {}
[1.419107] (dofbot_interface) StdoutLine: {'line': b'[ 57%] Building C object CMakeFiles/dofbot_interface__rosidl_typesupport_introspection_c.dir/rosidl_typesupport_introspection_c/dofbot_interface/msg/detail/pos_info__type_support.c.o\n'}
[1.419295] (dofbot_interface) StdoutLine: {'line': b'[ 57%] Building CXX object CMakeFiles/dofbot_interface__rosidl_typesupport_fastrtps_cpp.dir/rosidl_typesupport_fastrtps_cpp/dofbot_interface/srv/detail/dds_fastrtps/dofbot_pro_kinemarics__type_support.cpp.o\n'}
[1.454268] (dofbot_interface) StdoutLine: {'line': b'[ 58%] Building C object CMakeFiles/dofbot_interface__rosidl_typesupport_introspection_c.dir/rosidl_typesupport_introspection_c/dofbot_interface/msg/detail/position__type_support.c.o\n'}
[1.492123] (dofbot_interface) StdoutLine: {'line': b'[ 59%] Building C object CMakeFiles/dofbot_interface__rosidl_typesupport_introspection_c.dir/rosidl_typesupport_introspection_c/dofbot_interface/msg/detail/arm_joint__type_support.c.o\n'}
[1.505891] (-) TimerEvent: {}
[1.528753] (dofbot_interface) StdoutLine: {'line': b'[ 60%] Building CXX object CMakeFiles/dofbot_interface__rosidl_typesupport_fastrtps_cpp.dir/rosidl_typesupport_fastrtps_cpp/dofbot_interface/msg/detail/dds_fastrtps/pos_info__type_support.cpp.o\n'}
[1.529108] (dofbot_interface) StdoutLine: {'line': b'[ 60%] Building CXX object CMakeFiles/dofbot_interface__rosidl_typesupport_fastrtps_cpp.dir/rosidl_typesupport_fastrtps_cpp/dofbot_interface/msg/detail/dds_fastrtps/joint_info__type_support.cpp.o\n'}
[1.533183] (dofbot_interface) StdoutLine: {'line': b'[ 61%] Building CXX object CMakeFiles/dofbot_interface__rosidl_typesupport_fastrtps_cpp.dir/rosidl_typesupport_fastrtps_cpp/dofbot_interface/msg/detail/dds_fastrtps/position__type_support.cpp.o\n'}
[1.538098] (dofbot_interface) StdoutLine: {'line': b'[ 62%] Building C object CMakeFiles/dofbot_interface__rosidl_typesupport_introspection_c.dir/rosidl_typesupport_introspection_c/dofbot_interface/msg/detail/image_msg__type_support.c.o\n'}
[1.540138] (dofbot_interface) StdoutLine: {'line': b'[ 62%] Building CXX object CMakeFiles/dofbot_interface__rosidl_typesupport_fastrtps_c.dir/rosidl_typesupport_fastrtps_c/dofbot_interface/srv/detail/kinemarics__type_support_c.cpp.o\n'}
[1.543196] (dofbot_interface) StdoutLine: {'line': b'[ 63%] Building CXX object CMakeFiles/dofbot_interface__rosidl_typesupport_fastrtps_c.dir/rosidl_typesupport_fastrtps_c/dofbot_interface/srv/detail/cur_joint__type_support_c.cpp.o\n'}
[1.548945] (dofbot_interface) StdoutLine: {'line': b'[ 64%] Building C object CMakeFiles/dofbot_interface__rosidl_typesupport_introspection_c.dir/rosidl_typesupport_introspection_c/dofbot_interface/msg/detail/width_info__type_support.c.o\n'}
[1.552265] (dofbot_interface) StdoutLine: {'line': b'[ 65%] Building CXX object CMakeFiles/dofbot_interface__rosidl_typesupport_fastrtps_cpp.dir/rosidl_typesupport_fastrtps_cpp/dofbot_interface/msg/detail/dds_fastrtps/arm_joint__type_support.cpp.o\n'}
[1.559099] (dofbot_interface) StdoutLine: {'line': b'[ 66%] Building CXX object CMakeFiles/dofbot_interface__rosidl_typesupport_fastrtps_cpp.dir/rosidl_typesupport_fastrtps_cpp/dofbot_interface/msg/detail/dds_fastrtps/image_msg__type_support.cpp.o\n'}
[1.562659] (dofbot_interface) StdoutLine: {'line': b'[ 66%] Building C object CMakeFiles/dofbot_interface__rosidl_typesupport_introspection_c.dir/rosidl_typesupport_introspection_c/dofbot_interface/msg/detail/april_tag_info__type_support.c.o\n'}
[1.564270] (dofbot_interface) StdoutLine: {'line': b'[ 67%] Building CXX object CMakeFiles/dofbot_interface__rosidl_typesupport_fastrtps_c.dir/rosidl_typesupport_fastrtps_c/dofbot_interface/srv/detail/dofbot_pro_kinemarics__type_support_c.cpp.o\n'}
[1.571937] (dofbot_interface) StdoutLine: {'line': b'[ 68%] Building C object CMakeFiles/dofbot_interface__rosidl_typesupport_introspection_c.dir/rosidl_typesupport_introspection_c/dofbot_interface/msg/detail/yolov11_detect__type_support.c.o\n'}
[1.595201] (dofbot_interface) StdoutLine: {'line': b'[ 69%] Building CXX object CMakeFiles/dofbot_interface__rosidl_typesupport_fastrtps_c.dir/rosidl_typesupport_fastrtps_c/dofbot_interface/msg/detail/joint_info__type_support_c.cpp.o\n'}
[1.602455] (dofbot_interface) StdoutLine: {'line': b'[ 70%] Building CXX object CMakeFiles/dofbot_interface__rosidl_typesupport_fastrtps_cpp.dir/rosidl_typesupport_fastrtps_cpp/dofbot_interface/msg/detail/dds_fastrtps/width_info__type_support.cpp.o\n'}
[1.605986] (-) TimerEvent: {}
[1.606778] (dofbot_interface) StdoutLine: {'line': b'[ 71%] Building CXX object CMakeFiles/dofbot_interface__rosidl_typesupport_fastrtps_cpp.dir/rosidl_typesupport_fastrtps_cpp/dofbot_interface/msg/detail/dds_fastrtps/april_tag_info__type_support.cpp.o\n'}
[1.615241] (dofbot_interface) StdoutLine: {'line': b'[ 72%] Linking C shared library libdofbot_interface__rosidl_typesupport_introspection_c.so\n'}
[1.634867] (dofbot_interface) StdoutLine: {'line': b'[ 73%] Linking CXX shared library libdofbot_interface__rosidl_typesupport_introspection_cpp.so\n'}
[1.644419] (dofbot_interface) StdoutLine: {'line': b'[ 74%] Building CXX object CMakeFiles/dofbot_interface__rosidl_typesupport_fastrtps_cpp.dir/rosidl_typesupport_fastrtps_cpp/dofbot_interface/msg/detail/dds_fastrtps/yolov11_detect__type_support.cpp.o\n'}
[1.648929] (dofbot_interface) StdoutLine: {'line': b'[ 74%] Built target dofbot_interface__rosidl_typesupport_introspection_c\n'}
[1.671311] (dofbot_interface) StdoutLine: {'line': b'[ 75%] Building CXX object CMakeFiles/dofbot_interface__rosidl_typesupport_fastrtps_c.dir/rosidl_typesupport_fastrtps_c/dofbot_interface/msg/detail/pos_info__type_support_c.cpp.o\n'}
[1.701168] (dofbot_interface) StdoutLine: {'line': b'[ 76%] Building CXX object CMakeFiles/dofbot_interface__rosidl_typesupport_fastrtps_c.dir/rosidl_typesupport_fastrtps_c/dofbot_interface/msg/detail/position__type_support_c.cpp.o\n'}
[1.706066] (-) TimerEvent: {}
[1.723789] (dofbot_interface) StdoutLine: {'line': b'[ 76%] Built target dofbot_interface__rosidl_typesupport_introspection_cpp\n'}
[1.734743] (dofbot_interface) StdoutLine: {'line': b'[ 77%] Building CXX object CMakeFiles/dofbot_interface__rosidl_typesupport_fastrtps_c.dir/rosidl_typesupport_fastrtps_c/dofbot_interface/msg/detail/arm_joint__type_support_c.cpp.o\n'}
[1.805123] (dofbot_interface) StdoutLine: {'line': b'[ 78%] Building CXX object CMakeFiles/dofbot_interface__rosidl_typesupport_fastrtps_c.dir/rosidl_typesupport_fastrtps_c/dofbot_interface/msg/detail/image_msg__type_support_c.cpp.o\n'}
[1.806141] (-) TimerEvent: {}
[1.860368] (dofbot_interface) StdoutLine: {'line': b'[ 79%] Building CXX object CMakeFiles/dofbot_interface__rosidl_typesupport_fastrtps_c.dir/rosidl_typesupport_fastrtps_c/dofbot_interface/msg/detail/width_info__type_support_c.cpp.o\n'}
[1.886095] (dofbot_interface) StdoutLine: {'line': b'[ 79%] Building CXX object CMakeFiles/dofbot_interface__rosidl_typesupport_fastrtps_c.dir/rosidl_typesupport_fastrtps_c/dofbot_interface/msg/detail/april_tag_info__type_support_c.cpp.o\n'}
[1.898487] (dofbot_interface) StdoutLine: {'line': b'[ 80%] Building CXX object CMakeFiles/dofbot_interface__rosidl_typesupport_fastrtps_c.dir/rosidl_typesupport_fastrtps_c/dofbot_interface/msg/detail/yolov11_detect__type_support_c.cpp.o\n'}
[1.906861] (-) TimerEvent: {}
[2.007101] (-) TimerEvent: {}
[2.050444] (dofbot_interface) StdoutLine: {'line': b'[ 81%] Linking CXX shared library libdofbot_interface__rosidl_typesupport_fastrtps_cpp.so\n'}
[2.096213] (dofbot_interface) StdoutLine: {'line': b'[ 81%] Built target dofbot_interface__rosidl_typesupport_fastrtps_cpp\n'}
[2.097614] (dofbot_interface) StdoutLine: {'line': b'[ 82%] Linking CXX shared library libdofbot_interface__rosidl_typesupport_fastrtps_c.so\n'}
[2.107182] (-) TimerEvent: {}
[2.139357] (dofbot_interface) StdoutLine: {'line': b'[ 82%] Built target dofbot_interface__rosidl_typesupport_fastrtps_c\n'}
[2.152400] (dofbot_interface) StdoutLine: {'line': b'[ 82%] Built target dofbot_interface\n'}
[2.164798] (dofbot_interface) StdoutLine: {'line': b'[ 83%] Generating Python code for ROS interfaces\n'}
[2.207258] (-) TimerEvent: {}
[2.307387] (-) TimerEvent: {}
[2.407557] (-) TimerEvent: {}
[2.507685] (-) TimerEvent: {}
[2.607850] (-) TimerEvent: {}
[2.708025] (-) TimerEvent: {}
[2.808149] (-) TimerEvent: {}
[2.908285] (-) TimerEvent: {}
[3.004387] (dofbot_interface) StdoutLine: {'line': b'[ 83%] Built target dofbot_interface__py\n'}
[3.008373] (-) TimerEvent: {}
[3.016887] (dofbot_interface) StdoutLine: {'line': b'[ 85%] Building C object CMakeFiles/dofbot_interface__rosidl_generator_py.dir/rosidl_generator_py/dofbot_interface/msg/_image_msg_s.c.o\n'}
[3.017083] (dofbot_interface) StdoutLine: {'line': b'[ 85%] Building C object CMakeFiles/dofbot_interface__rosidl_generator_py.dir/rosidl_generator_py/dofbot_interface/msg/_yolov11_detect_s.c.o\n'}
[3.017142] (dofbot_interface) StdoutLine: {'line': b'[ 85%] Building C object CMakeFiles/dofbot_interface__rosidl_generator_py.dir/rosidl_generator_py/dofbot_interface/msg/_joint_info_s.c.o\n'}
[3.017180] (dofbot_interface) StdoutLine: {'line': b'[ 86%] Building C object CMakeFiles/dofbot_interface__rosidl_generator_py.dir/rosidl_generator_py/dofbot_interface/msg/_pos_info_s.c.o\n'}
[3.017333] (dofbot_interface) StdoutLine: {'line': b'[ 90%] Building C object CMakeFiles/dofbot_interface__rosidl_generator_py.dir/rosidl_generator_py/dofbot_interface/srv/_kinemarics_s.c.o\n'}
[3.017419] (dofbot_interface) StdoutLine: {'line': b'[ 90%] Building C object CMakeFiles/dofbot_interface__rosidl_generator_py.dir/rosidl_generator_py/dofbot_interface/srv/_dofbot_pro_kinemarics_s.c.o\n'}
[3.017460] (dofbot_interface) StdoutLine: {'line': b'[ 90%] Building C object CMakeFiles/dofbot_interface__rosidl_generator_py.dir/rosidl_generator_py/dofbot_interface/msg/_position_s.c.o\n'}
[3.017501] (dofbot_interface) StdoutLine: {'line': b'[ 90%] Building C object CMakeFiles/dofbot_interface__rosidl_generator_py.dir/rosidl_generator_py/dofbot_interface/msg/_arm_joint_s.c.o\n'}
[3.017827] (dofbot_interface) StdoutLine: {'line': b'[ 91%] Building C object CMakeFiles/dofbot_interface__rosidl_generator_py.dir/rosidl_generator_py/dofbot_interface/srv/_cur_joint_s.c.o\n'}
[3.017913] (dofbot_interface) StdoutLine: {'line': b'[ 92%] Building C object CMakeFiles/dofbot_interface__rosidl_generator_py.dir/rosidl_generator_py/dofbot_interface/msg/_width_info_s.c.o\n'}
[3.017959] (dofbot_interface) StdoutLine: {'line': b'[ 93%] Building C object CMakeFiles/dofbot_interface__rosidl_generator_py.dir/rosidl_generator_py/dofbot_interface/msg/_april_tag_info_s.c.o\n'}
[3.108456] (-) TimerEvent: {}
[3.124989] (dofbot_interface) StdoutLine: {'line': b'[ 94%] Linking C shared library rosidl_generator_py/dofbot_interface/libdofbot_interface__rosidl_generator_py.so\n'}
[3.148349] (dofbot_interface) StdoutLine: {'line': b'[ 94%] Built target dofbot_interface__rosidl_generator_py\n'}
[3.159696] (dofbot_interface) StdoutLine: {'line': b'[ 96%] Building C object CMakeFiles/dofbot_interface__rosidl_typesupport_introspection_c__pyext.dir/rosidl_generator_py/dofbot_interface/_dofbot_interface_s.ep.rosidl_typesupport_introspection_c.c.o\n'}
[3.159863] (dofbot_interface) StdoutLine: {'line': b'[ 96%] Building C object CMakeFiles/dofbot_interface__rosidl_typesupport_c__pyext.dir/rosidl_generator_py/dofbot_interface/_dofbot_interface_s.ep.rosidl_typesupport_c.c.o\n'}
[3.159923] (dofbot_interface) StdoutLine: {'line': b'[ 97%] Building C object CMakeFiles/dofbot_interface__rosidl_typesupport_fastrtps_c__pyext.dir/rosidl_generator_py/dofbot_interface/_dofbot_interface_s.ep.rosidl_typesupport_fastrtps_c.c.o\n'}
[3.208555] (-) TimerEvent: {}
[3.239561] (dofbot_interface) StdoutLine: {'line': b'[ 99%] Linking C shared library rosidl_generator_py/dofbot_interface/dofbot_interface_s__rosidl_typesupport_introspection_c.cpython-310-x86_64-linux-gnu.so\n'}
[3.239695] (dofbot_interface) StdoutLine: {'line': b'[ 99%] Linking C shared library rosidl_generator_py/dofbot_interface/dofbot_interface_s__rosidl_typesupport_fastrtps_c.cpython-310-x86_64-linux-gnu.so\n'}
[3.240030] (dofbot_interface) StdoutLine: {'line': b'[100%] Linking C shared library rosidl_generator_py/dofbot_interface/dofbot_interface_s__rosidl_typesupport_c.cpython-310-x86_64-linux-gnu.so\n'}
[3.261676] (dofbot_interface) StdoutLine: {'line': b'[100%] Built target dofbot_interface__rosidl_typesupport_c__pyext\n'}
[3.261806] (dofbot_interface) StdoutLine: {'line': b'[100%] Built target dofbot_interface__rosidl_typesupport_fastrtps_c__pyext\n'}
[3.262064] (dofbot_interface) StdoutLine: {'line': b'[100%] Built target dofbot_interface__rosidl_typesupport_introspection_c__pyext\n'}
[3.268897] (dofbot_interface) CommandEnded: {'returncode': 0}
[3.269413] (dofbot_interface) JobProgress: {'identifier': 'dofbot_interface', 'progress': 'install'}
[3.273939] (dofbot_interface) Command: {'cmd': ['/usr/bin/cmake', '--install', '/home/jloy/Desktop/robot-arm/dofbot_ws/build_color_sorting/dofbot_interface'], 'cwd': '/home/jloy/Desktop/robot-arm/dofbot_ws/build_color_sorting/dofbot_interface', 'env': OrderedDict([('GJS_DEBUG_TOPICS', 'JS ERROR;JS LOG'), ('LESSOPEN', '| /usr/bin/lesspipe %s'), ('CODEX_CI', '1'), ('USER', 'jloy'), ('LC_TIME', 'en_US.UTF-8'), ('XDG_SESSION_TYPE', 'wayland'), ('GIT_ASKPASS', '/usr/share/code/resources/app/extensions/git/dist/askpass.sh'), ('SHLVL', '2'), ('LD_LIBRARY_PATH', '/opt/ros/humble/opt/rviz_ogre_vendor/lib:/opt/ros/humble/lib/x86_64-linux-gnu:/opt/ros/humble/lib'), ('HOME', '/home/jloy'), ('CHROME_DESKTOP', 'code.desktop'), ('TERM_PROGRAM_VERSION', '1.138.0'), ('DESKTOP_SESSION', 'ubuntu'), ('NVM_BIN', '/home/jloy/.nvm/versions/node/v22.23.2/bin'), ('NVM_INC', '/home/jloy/.nvm/versions/node/v22.23.2/include/node'), ('GIO_LAUNCHED_DESKTOP_FILE', '/usr/share/applications/code.desktop'), ('ROS_PYTHON_VERSION', '3'), ('GNOME_SHELL_SESSION_MODE', 'ubuntu'), ('GTK_MODULES', 'gail:atk-bridge'), ('PAGER', 'cat'), ('VSCODE_GIT_ASKPASS_MAIN', '/usr/share/code/resources/app/extensions/git/dist/askpass-main.js'), ('LC_MONETARY', 'en_US.UTF-8'), ('VSCODE_GIT_ASKPASS_NODE', '/usr/share/code/code'), ('MANAGERPID', '2095'), ('LC_CTYPE', 'C.UTF-8'), ('SYSTEMD_EXEC_PID', '2279'), ('IM_CONFIG_CHECK_ENV', '1'), ('VSCODE_PYTHON_AUTOACTIVATE_GUARD', '1'), ('NO_COLOR', '1'), ('DBUS_SESSION_BUS_ADDRESS', 'unix:path=/run/user/1000/bus'), ('COLORTERM', ''), ('LIBVIRT_DEFAULT_URI', 'qemu:///system'), ('GIO_LAUNCHED_DESKTOP_FILE_PID', '3695'), ('NVM_DIR', '/home/jloy/.nvm'), ('IM_CONFIG_PHASE', '1'), ('WAYLAND_DISPLAY', 'wayland-0'), ('CODEX_PERMISSION_PROFILE', ':workspace'), ('ROS_DISTRO', 'humble'), ('LOGNAME', 'jloy'), ('JOURNAL_STREAM', '8:2826'), ('_', '/usr/bin/colcon'), ('ROS_VERSION', '2'), ('XDG_SESSION_CLASS', 'user'), ('USERNAME', 'jloy'), ('TERM', 'dumb'), ('GNOME_DESKTOP_SESSION_ID', 'this-is-deprecated'), ('FC_FONTATIONS', '1'), ('ROS_LOCALHOST_ONLY', '0'), ('PATH', '/home/jloy/.local/bin:/home/jloy/.local/bin:/home/jloy/.codex/packages/standalone/releases/0.155.1-x86_64-unknown-linux-musl/codex-path:/home/jloy/.codex/tmp/arg0/codex-arg0lp05VX:/home/jloy/.opencode/bin:/home/jloy/.local/bin:/home/jloy/.local/bin:/home/jloy/.local/bin:/opt/ros/humble/bin:/home/jloy/.nvm/versions/node/v22.23.2/bin:/home/jloy/.opencode/bin:/home/jloy/.local/bin:/home/jloy/.local/bin:/home/jloy/.local/bin:/usr/local/sbin:/usr/local/bin:/usr/sbin:/usr/bin:/sbin:/bin:/usr/games:/usr/local/games:/snap/bin:/snap/bin'), ('SESSION_MANAGER', 'local/jloy-Nitro-ANV15-51:@/tmp/.ICE-unix/2250,unix/jloy-Nitro-ANV15-51:/tmp/.ICE-unix/2250'), ('CODEX_VERSION', '0.155.1'), ('CODEX_SESSION_ID', '01a0c9be-f700-7942-ae1e-e50f303b0d91'), ('INVOCATION_ID', '2365faaceea2487fbc7104500b044303'), ('PAPERSIZE', 'letter'), ('XDG_MENU_PREFIX', 'gnome-'), ('LC_ADDRESS', 'en_US.UTF-8'), ('GNOME_SETUP_DISPLAY', ':1'), ('XDG_RUNTIME_DIR', '/run/user/1000'), ('GDK_BACKEND', 'wayland'), ('DISPLAY', ':0'), ('CODEX_SANDBOX_NETWORK_DISABLED', '1'), ('LANG', 'C.UTF-8'), ('XDG_CURRENT_DESKTOP', 'ubuntu:GNOME'), ('LC_TELEPHONE', 'en_US.UTF-8'), ('XMODIFIERS', '@im=ibus'), ('GH_PAGER', 'cat'), ('XDG_SESSION_DESKTOP', 'ubuntu'), ('XAUTHORITY', '/run/user/1000/.mutter-Xwaylandauth.LAAKW3'), ('LS_COLORS', 'rs=0:di=01;34:ln=01;36:mh=00:pi=40;33:so=01;35:do=01;35:bd=40;33;01:cd=40;33;01:or=40;31;01:mi=00:su=37;41:sg=30;43:ca=30;41:tw=30;42:ow=34;42:st=37;44:ex=01;32:*.tar=01;31:*.tgz=01;31:*.arc=01;31:*.arj=01;31:*.taz=01;31:*.lha=01;31:*.lz4=01;31:*.lzh=01;31:*.lzma=01;31:*.tlz=01;31:*.txz=01;31:*.tzo=01;31:*.t7z=01;31:*.zip=01;31:*.z=01;31:*.dz=01;31:*.gz=01;31:*.lrz=01;31:*.lz=01;31:*.lzo=01;31:*.xz=01;31:*.zst=01;31:*.tzst=01;31:*.bz2=01;31:*.bz=01;31:*.tbz=01;31:*.tbz2=01;31:*.tz=01;31:*.deb=01;31:*.rpm=01;31:*.jar=01;31:*.war=01;31:*.ear=01;31:*.sar=01;31:*.rar=01;31:*.alz=01;31:*.ace=01;31:*.zoo=01;31:*.cpio=01;31:*.7z=01;31:*.rz=01;31:*.cab=01;31:*.wim=01;31:*.swm=01;31:*.dwm=01;31:*.esd=01;31:*.jpg=01;35:*.jpeg=01;35:*.mjpg=01;35:*.mjpeg=01;35:*.gif=01;35:*.bmp=01;35:*.pbm=01;35:*.pgm=01;35:*.ppm=01;35:*.tga=01;35:*.xbm=01;35:*.xpm=01;35:*.tif=01;35:*.tiff=01;35:*.png=01;35:*.svg=01;35:*.svgz=01;35:*.mng=01;35:*.pcx=01;35:*.mov=01;35:*.mpg=01;35:*.mpeg=01;35:*.m2v=01;35:*.mkv=01;35:*.webm=01;35:*.webp=01;35:*.ogm=01;35:*.mp4=01;35:*.m4v=01;35:*.mp4v=01;35:*.vob=01;35:*.qt=01;35:*.nuv=01;35:*.wmv=01;35:*.asf=01;35:*.rm=01;35:*.rmvb=01;35:*.flc=01;35:*.avi=01;35:*.fli=01;35:*.flv=01;35:*.gl=01;35:*.dl=01;35:*.xcf=01;35:*.xwd=01;35:*.yuv=01;35:*.cgm=01;35:*.emf=01;35:*.ogv=01;35:*.ogx=01;35:*.aac=00;36:*.au=00;36:*.flac=00;36:*.m4a=00;36:*.mid=00;36:*.midi=00;36:*.mka=00;36:*.mp3=00;36:*.mpc=00;36:*.ogg=00;36:*.ra=00;36:*.wav=00;36:*.oga=00;36:*.opus=00;36:*.spx=00;36:*.xspf=00;36:'), ('VSCODE_GIT_IPC_HANDLE', '/run/user/1000/vscode-git-6617e592ad.sock'), ('TERM_PROGRAM', 'vscode'), ('SSH_AGENT_LAUNCHER', 'gnome-keyring'), ('SSH_AUTH_SOCK', '/run/user/1000/keyring/ssh'), ('AMENT_PREFIX_PATH', '/opt/ros/humble'), ('SHELL', '/bin/bash'), ('LC_NAME', 'en_US.UTF-8'), ('QT_ACCESSIBILITY', '1'), ('GDMSESSION', 'ubuntu'), ('LESSCLOSE', '/usr/bin/lesspipe %s %s'), ('CODEX_THREAD_ID', '01a0c9be-f700-7942-ae1e-e50f303b0d91'), ('LC_MEASUREMENT', 'en_US.UTF-8'), ('GJS_DEBUG_OUTPUT', 'stderr'), ('LC_IDENTIFICATION', 'en_US.UTF-8'), ('VSCODE_GIT_ASKPASS_EXTRA_ARGS', ''), ('GIT_PAGER', 'cat'), ('QT_IM_MODULE', 'ibus'), ('PWD', '/home/jloy/Desktop/robot-arm/dofbot_ws/build_color_sorting/dofbot_interface'), ('LC_ALL', 'C.UTF-8'), ('XDG_CONFIG_DIRS', '/etc/xdg/xdg-ubuntu:/etc/xdg'), ('NVM_CD_FLAGS', ''), ('XDG_DATA_DIRS', '/usr/share/ubuntu:/usr/local/share/:/usr/share/:/var/lib/snapd/desktop'), ('PYTHONPATH', '/opt/ros/humble/lib/python3.10/site-packages:/opt/ros/humble/local/lib/python3.10/dist-packages'), ('LC_NUMERIC', 'en_US.UTF-8'), ('LC_PAPER', 'en_US.UTF-8'), ('COLCON', '1'), ('CMAKE_PREFIX_PATH', '/opt/ros/humble')]), 'shell': False}
[3.278203] (dofbot_interface) StdoutLine: {'line': b'-- Install configuration: ""\n'}
[3.278322] (dofbot_interface) StdoutLine: {'line': b'-- Installing: /home/jloy/Desktop/robot-arm/dofbot_ws/install_color_sorting/dofbot_interface/share/ament_index/resource_index/rosidl_interfaces/dofbot_interface\n'}
[3.278438] (dofbot_interface) StdoutLine: {'line': b'-- Installing: /home/jloy/Desktop/robot-arm/dofbot_ws/install_color_sorting/dofbot_interface/include/dofbot_interface/dofbot_interface\n'}
[3.278541] (dofbot_interface) StdoutLine: {'line': b'-- Installing: /home/jloy/Desktop/robot-arm/dofbot_ws/install_color_sorting/dofbot_interface/include/dofbot_interface/dofbot_interface/msg\n'}
[3.278633] (dofbot_interface) StdoutLine: {'line': b'-- Installing: /home/jloy/Desktop/robot-arm/dofbot_ws/install_color_sorting/dofbot_interface/include/dofbot_interface/dofbot_interface/msg/joint_info.h\n'}
[3.278731] (dofbot_interface) StdoutLine: {'line': b'-- Installing: /home/jloy/Desktop/robot-arm/dofbot_ws/install_color_sorting/dofbot_interface/include/dofbot_interface/dofbot_interface/msg/detail\n'}
[3.278833] (dofbot_interface) StdoutLine: {'line': b'-- Installing: /home/jloy/Desktop/robot-arm/dofbot_ws/install_color_sorting/dofbot_interface/include/dofbot_interface/dofbot_interface/msg/detail/position__functions.h\n'}
[3.278953] (dofbot_interface) StdoutLine: {'line': b'-- Installing: /home/jloy/Desktop/robot-arm/dofbot_ws/install_color_sorting/dofbot_interface/include/dofbot_interface/dofbot_interface/msg/detail/pos_info__functions.c\n'}
[3.279043] (dofbot_interface) StdoutLine: {'line': b'-- Installing: /home/jloy/Desktop/robot-arm/dofbot_ws/install_color_sorting/dofbot_interface/include/dofbot_interface/dofbot_interface/msg/detail/width_info__functions.c\n'}
[3.279143] (dofbot_interface) StdoutLine: {'line': b'-- Installing: /home/jloy/Desktop/robot-arm/dofbot_ws/install_color_sorting/dofbot_interface/include/dofbot_interface/dofbot_interface/msg/detail/joint_info__functions.c\n'}
[3.279242] (dofbot_interface) StdoutLine: {'line': b'-- Installing: /home/jloy/Desktop/robot-arm/dofbot_ws/install_color_sorting/dofbot_interface/include/dofbot_interface/dofbot_interface/msg/detail/pos_info__struct.h\n'}
[3.279340] (dofbot_interface) StdoutLine: {'line': b'-- Installing: /home/jloy/Desktop/robot-arm/dofbot_ws/install_color_sorting/dofbot_interface/include/dofbot_interface/dofbot_interface/msg/detail/position__struct.h\n'}
[3.279442] (dofbot_interface) StdoutLine: {'line': b'-- Installing: /home/jloy/Desktop/robot-arm/dofbot_ws/install_color_sorting/dofbot_interface/include/dofbot_interface/dofbot_interface/msg/detail/arm_joint__functions.h\n'}
[3.279542] (dofbot_interface) StdoutLine: {'line': b'-- Installing: /home/jloy/Desktop/robot-arm/dofbot_ws/install_color_sorting/dofbot_interface/include/dofbot_interface/dofbot_interface/msg/detail/position__type_support.h\n'}
[3.279591] (dofbot_interface) StdoutLine: {'line': b'-- Installing: /home/jloy/Desktop/robot-arm/dofbot_ws/install_color_sorting/dofbot_interface/include/dofbot_interface/dofbot_interface/msg/detail/width_info__functions.h\n'}
[3.279659] (dofbot_interface) StdoutLine: {'line': b'-- Installing: /home/jloy/Desktop/robot-arm/dofbot_ws/install_color_sorting/dofbot_interface/include/dofbot_interface/dofbot_interface/msg/detail/pos_info__functions.h\n'}
[3.279723] (dofbot_interface) StdoutLine: {'line': b'-- Installing: /home/jloy/Desktop/robot-arm/dofbot_ws/install_color_sorting/dofbot_interface/include/dofbot_interface/dofbot_interface/msg/detail/yolov11_detect__type_support.h\n'}
[3.279786] (dofbot_interface) StdoutLine: {'line': b'-- Installing: /home/jloy/Desktop/robot-arm/dofbot_ws/install_color_sorting/dofbot_interface/include/dofbot_interface/dofbot_interface/msg/detail/april_tag_info__struct.h\n'}
[3.279850] (dofbot_interface) StdoutLine: {'line': b'-- Installing: /home/jloy/Desktop/robot-arm/dofbot_ws/install_color_sorting/dofbot_interface/include/dofbot_interface/dofbot_interface/msg/detail/image_msg__struct.h\n'}
[3.279916] (dofbot_interface) StdoutLine: {'line': b'-- Installing: /home/jloy/Desktop/robot-arm/dofbot_ws/install_color_sorting/dofbot_interface/include/dofbot_interface/dofbot_interface/msg/detail/image_msg__functions.h\n'}
[3.279989] (dofbot_interface) StdoutLine: {'line': b'-- Installing: /home/jloy/Desktop/robot-arm/dofbot_ws/install_color_sorting/dofbot_interface/include/dofbot_interface/dofbot_interface/msg/detail/joint_info__type_support.h\n'}
[3.280047] (dofbot_interface) StdoutLine: {'line': b'-- Installing: /home/jloy/Desktop/robot-arm/dofbot_ws/install_color_sorting/dofbot_interface/include/dofbot_interface/dofbot_interface/msg/detail/width_info__type_support.h\n'}
[3.280071] (dofbot_interface) StdoutLine: {'line': b'-- Installing: /home/jloy/Desktop/robot-arm/dofbot_ws/install_color_sorting/dofbot_interface/include/dofbot_interface/dofbot_interface/msg/detail/image_msg__functions.c\n'}
[3.280095] (dofbot_interface) StdoutLine: {'line': b'-- Installing: /home/jloy/Desktop/robot-arm/dofbot_ws/install_color_sorting/dofbot_interface/include/dofbot_interface/dofbot_interface/msg/detail/joint_info__struct.h\n'}
[3.280188] (dofbot_interface) StdoutLine: {'line': b'-- Installing: /home/jloy/Desktop/robot-arm/dofbot_ws/install_color_sorting/dofbot_interface/include/dofbot_interface/dofbot_interface/msg/detail/arm_joint__type_support.h\n'}
[3.280232] (dofbot_interface) StdoutLine: {'line': b'-- Installing: /home/jloy/Desktop/robot-arm/dofbot_ws/install_color_sorting/dofbot_interface/include/dofbot_interface/dofbot_interface/msg/detail/yolov11_detect__struct.h\n'}
[3.280258] (dofbot_interface) StdoutLine: {'line': b'-- Installing: /home/jloy/Desktop/robot-arm/dofbot_ws/install_color_sorting/dofbot_interface/include/dofbot_interface/dofbot_interface/msg/detail/april_tag_info__functions.c\n'}
[3.280332] (dofbot_interface) StdoutLine: {'line': b'-- Installing: /home/jloy/Desktop/robot-arm/dofbot_ws/install_color_sorting/dofbot_interface/include/dofbot_interface/dofbot_interface/msg/detail/april_tag_info__type_support.h\n'}
[3.280377] (dofbot_interface) StdoutLine: {'line': b'-- Installing: /home/jloy/Desktop/robot-arm/dofbot_ws/install_color_sorting/dofbot_interface/include/dofbot_interface/dofbot_interface/msg/detail/pos_info__type_support.h\n'}
[3.280420] (dofbot_interface) StdoutLine: {'line': b'-- Installing: /home/jloy/Desktop/robot-arm/dofbot_ws/install_color_sorting/dofbot_interface/include/dofbot_interface/dofbot_interface/msg/detail/joint_info__functions.h\n'}
[3.280481] (dofbot_interface) StdoutLine: {'line': b'-- Installing: /home/jloy/Desktop/robot-arm/dofbot_ws/install_color_sorting/dofbot_interface/include/dofbot_interface/dofbot_interface/msg/detail/arm_joint__struct.h\n'}
[3.280524] (dofbot_interface) StdoutLine: {'line': b'-- Installing: /home/jloy/Desktop/robot-arm/dofbot_ws/install_color_sorting/dofbot_interface/include/dofbot_interface/dofbot_interface/msg/detail/april_tag_info__functions.h\n'}
[3.280548] (dofbot_interface) StdoutLine: {'line': b'-- Installing: /home/jloy/Desktop/robot-arm/dofbot_ws/install_color_sorting/dofbot_interface/include/dofbot_interface/dofbot_interface/msg/detail/yolov11_detect__functions.h\n'}
[3.280590] (dofbot_interface) StdoutLine: {'line': b'-- Installing: /home/jloy/Desktop/robot-arm/dofbot_ws/install_color_sorting/dofbot_interface/include/dofbot_interface/dofbot_interface/msg/detail/arm_joint__functions.c\n'}
[3.280631] (dofbot_interface) StdoutLine: {'line': b'-- Installing: /home/jloy/Desktop/robot-arm/dofbot_ws/install_color_sorting/dofbot_interface/include/dofbot_interface/dofbot_interface/msg/detail/position__functions.c\n'}
[3.280655] (dofbot_interface) StdoutLine: {'line': b'-- Installing: /home/jloy/Desktop/robot-arm/dofbot_ws/install_color_sorting/dofbot_interface/include/dofbot_interface/dofbot_interface/msg/detail/image_msg__type_support.h\n'}
[3.280682] (dofbot_interface) StdoutLine: {'line': b'-- Installing: /home/jloy/Desktop/robot-arm/dofbot_ws/install_color_sorting/dofbot_interface/include/dofbot_interface/dofbot_interface/msg/detail/width_info__struct.h\n'}
[3.280727] (dofbot_interface) StdoutLine: {'line': b'-- Installing: /home/jloy/Desktop/robot-arm/dofbot_ws/install_color_sorting/dofbot_interface/include/dofbot_interface/dofbot_interface/msg/detail/yolov11_detect__functions.c\n'}
[3.280749] (dofbot_interface) StdoutLine: {'line': b'-- Installing: /home/jloy/Desktop/robot-arm/dofbot_ws/install_color_sorting/dofbot_interface/include/dofbot_interface/dofbot_interface/msg/yolov11_detect.h\n'}
[3.280771] (dofbot_interface) StdoutLine: {'line': b'-- Installing: /home/jloy/Desktop/robot-arm/dofbot_ws/install_color_sorting/dofbot_interface/include/dofbot_interface/dofbot_interface/msg/arm_joint.h\n'}
[3.280794] (dofbot_interface) StdoutLine: {'line': b'-- Installing: /home/jloy/Desktop/robot-arm/dofbot_ws/install_color_sorting/dofbot_interface/include/dofbot_interface/dofbot_interface/msg/rosidl_generator_c__visibility_control.h\n'}
[3.280816] (dofbot_interface) StdoutLine: {'line': b'-- Installing: /home/jloy/Desktop/robot-arm/dofbot_ws/install_color_sorting/dofbot_interface/include/dofbot_interface/dofbot_interface/msg/position.h\n'}
[3.280839] (dofbot_interface) StdoutLine: {'line': b'-- Installing: /home/jloy/Desktop/robot-arm/dofbot_ws/install_color_sorting/dofbot_interface/include/dofbot_interface/dofbot_interface/msg/image_msg.h\n'}
[3.280882] (dofbot_interface) StdoutLine: {'line': b'-- Installing: /home/jloy/Desktop/robot-arm/dofbot_ws/install_color_sorting/dofbot_interface/include/dofbot_interface/dofbot_interface/msg/april_tag_info.h\n'}
[3.280954] (dofbot_interface) StdoutLine: {'line': b'-- Installing: /home/jloy/Desktop/robot-arm/dofbot_ws/install_color_sorting/dofbot_interface/include/dofbot_interface/dofbot_interface/msg/pos_info.h\n'}
[3.281101] (dofbot_interface) StdoutLine: {'line': b'-- Installing: /home/jloy/Desktop/robot-arm/dofbot_ws/install_color_sorting/dofbot_interface/include/dofbot_interface/dofbot_interface/msg/width_info.h\n'}
[3.281229] (dofbot_interface) StdoutLine: {'line': b'-- Installing: /home/jloy/Desktop/robot-arm/dofbot_ws/install_color_sorting/dofbot_interface/include/dofbot_interface/dofbot_interface/srv\n'}
[3.281349] (dofbot_interface) StdoutLine: {'line': b'-- Installing: /home/jloy/Desktop/robot-arm/dofbot_ws/install_color_sorting/dofbot_interface/include/dofbot_interface/dofbot_interface/srv/cur_joint.h\n'}
[3.281460] (dofbot_interface) StdoutLine: {'line': b'-- Installing: /home/jloy/Desktop/robot-arm/dofbot_ws/install_color_sorting/dofbot_interface/include/dofbot_interface/dofbot_interface/srv/dofbot_pro_kinemarics.h\n'}
[3.281507] (dofbot_interface) StdoutLine: {'line': b'-- Installing: /home/jloy/Desktop/robot-arm/dofbot_ws/install_color_sorting/dofbot_interface/include/dofbot_interface/dofbot_interface/srv/detail\n'}
[3.281537] (dofbot_interface) StdoutLine: {'line': b'-- Installing: /home/jloy/Desktop/robot-arm/dofbot_ws/install_color_sorting/dofbot_interface/include/dofbot_interface/dofbot_interface/srv/detail/kinemarics__functions.h\n'}
[3.281564] (dofbot_interface) StdoutLine: {'line': b'-- Installing: /home/jloy/Desktop/robot-arm/dofbot_ws/install_color_sorting/dofbot_interface/include/dofbot_interface/dofbot_interface/srv/detail/cur_joint__functions.c\n'}
[3.281699] (dofbot_interface) StdoutLine: {'line': b'-- Installing: /home/jloy/Desktop/robot-arm/dofbot_ws/install_color_sorting/dofbot_interface/include/dofbot_interface/dofbot_interface/srv/detail/cur_joint__struct.h\n'}
[3.281787] (dofbot_interface) StdoutLine: {'line': b'-- Installing: /home/jloy/Desktop/robot-arm/dofbot_ws/install_color_sorting/dofbot_interface/include/dofbot_interface/dofbot_interface/srv/detail/kinemarics__struct.h\n'}
[3.281916] (dofbot_interface) StdoutLine: {'line': b'-- Installing: /home/jloy/Desktop/robot-arm/dofbot_ws/install_color_sorting/dofbot_interface/include/dofbot_interface/dofbot_interface/srv/detail/kinemarics__functions.c\n'}
[3.282048] (dofbot_interface) StdoutLine: {'line': b'-- Installing: /home/jloy/Desktop/robot-arm/dofbot_ws/install_color_sorting/dofbot_interface/include/dofbot_interface/dofbot_interface/srv/detail/kinemarics__type_support.h\n'}
[3.282133] (dofbot_interface) StdoutLine: {'line': b'-- Installing: /home/jloy/Desktop/robot-arm/dofbot_ws/install_color_sorting/dofbot_interface/include/dofbot_interface/dofbot_interface/srv/detail/cur_joint__functions.h\n'}
[3.282238] (dofbot_interface) StdoutLine: {'line': b'-- Installing: /home/jloy/Desktop/robot-arm/dofbot_ws/install_color_sorting/dofbot_interface/include/dofbot_interface/dofbot_interface/srv/detail/dofbot_pro_kinemarics__functions.h\n'}
[3.282341] (dofbot_interface) StdoutLine: {'line': b'-- Installing: /home/jloy/Desktop/robot-arm/dofbot_ws/install_color_sorting/dofbot_interface/include/dofbot_interface/dofbot_interface/srv/detail/dofbot_pro_kinemarics__functions.c\n'}
[3.282449] (dofbot_interface) StdoutLine: {'line': b'-- Installing: /home/jloy/Desktop/robot-arm/dofbot_ws/install_color_sorting/dofbot_interface/include/dofbot_interface/dofbot_interface/srv/detail/dofbot_pro_kinemarics__type_support.h\n'}
[3.282555] (dofbot_interface) StdoutLine: {'line': b'-- Installing: /home/jloy/Desktop/robot-arm/dofbot_ws/install_color_sorting/dofbot_interface/include/dofbot_interface/dofbot_interface/srv/detail/cur_joint__type_support.h\n'}
[3.282637] (dofbot_interface) StdoutLine: {'line': b'-- Installing: /home/jloy/Desktop/robot-arm/dofbot_ws/install_color_sorting/dofbot_interface/include/dofbot_interface/dofbot_interface/srv/detail/dofbot_pro_kinemarics__struct.h\n'}
[3.282742] (dofbot_interface) StdoutLine: {'line': b'-- Installing: /home/jloy/Desktop/robot-arm/dofbot_ws/install_color_sorting/dofbot_interface/include/dofbot_interface/dofbot_interface/srv/kinemarics.h\n'}
[3.282850] (dofbot_interface) StdoutLine: {'line': b'-- Installing: /home/jloy/Desktop/robot-arm/dofbot_ws/install_color_sorting/dofbot_interface/share/dofbot_interface/environment/library_path.sh\n'}
[3.282936] (dofbot_interface) StdoutLine: {'line': b'-- Installing: /home/jloy/Desktop/robot-arm/dofbot_ws/install_color_sorting/dofbot_interface/share/dofbot_interface/environment/library_path.dsv\n'}
[3.283058] (dofbot_interface) StdoutLine: {'line': b'-- Installing: /home/jloy/Desktop/robot-arm/dofbot_ws/install_color_sorting/dofbot_interface/lib/libdofbot_interface__rosidl_generator_c.so\n'}
[3.283163] (dofbot_interface) StdoutLine: {'line': b'-- Set runtime path of "/home/jloy/Desktop/robot-arm/dofbot_ws/install_color_sorting/dofbot_interface/lib/libdofbot_interface__rosidl_generator_c.so" to ""\n'}
[3.283268] (dofbot_interface) StdoutLine: {'line': b'-- Up-to-date: /home/jloy/Desktop/robot-arm/dofbot_ws/install_color_sorting/dofbot_interface/include/dofbot_interface/dofbot_interface\n'}
[3.283356] (dofbot_interface) StdoutLine: {'line': b'-- Up-to-date: /home/jloy/Desktop/robot-arm/dofbot_ws/install_color_sorting/dofbot_interface/include/dofbot_interface/dofbot_interface/msg\n'}
[3.283498] (dofbot_interface) StdoutLine: {'line': b'-- Installing: /home/jloy/Desktop/robot-arm/dofbot_ws/install_color_sorting/dofbot_interface/include/dofbot_interface/dofbot_interface/msg/rosidl_typesupport_fastrtps_c__visibility_control.h\n'}
[3.283625] (dofbot_interface) StdoutLine: {'line': b'-- Up-to-date: /home/jloy/Desktop/robot-arm/dofbot_ws/install_color_sorting/dofbot_interface/include/dofbot_interface/dofbot_interface/msg/detail\n'}
[3.283715] (dofbot_interface) StdoutLine: {'line': b'-- Installing: /home/jloy/Desktop/robot-arm/dofbot_ws/install_color_sorting/dofbot_interface/include/dofbot_interface/dofbot_interface/msg/detail/position__rosidl_typesupport_fastrtps_c.h\n'}
[3.283802] (dofbot_interface) StdoutLine: {'line': b'-- Installing: /home/jloy/Desktop/robot-arm/dofbot_ws/install_color_sorting/dofbot_interface/include/dofbot_interface/dofbot_interface/msg/detail/image_msg__rosidl_typesupport_fastrtps_c.h\n'}
[3.283872] (dofbot_interface) StdoutLine: {'line': b'-- Installing: /home/jloy/Desktop/robot-arm/dofbot_ws/install_color_sorting/dofbot_interface/include/dofbot_interface/dofbot_interface/msg/detail/april_tag_info__rosidl_typesupport_fastrtps_c.h\n'}
[3.284062] (dofbot_interface) StdoutLine: {'line': b'-- Installing: /home/jloy/Desktop/robot-arm/dofbot_ws/install_color_sorting/dofbot_interface/include/dofbot_interface/dofbot_interface/msg/detail/width_info__rosidl_typesupport_fastrtps_c.h\n'}
[3.284148] (dofbot_interface) StdoutLine: {'line': b'-- Installing: /home/jloy/Desktop/robot-arm/dofbot_ws/install_color_sorting/dofbot_interface/include/dofbot_interface/dofbot_interface/msg/detail/pos_info__rosidl_typesupport_fastrtps_c.h\n'}
[3.284220] (dofbot_interface) StdoutLine: {'line': b'-- Installing: /home/jloy/Desktop/robot-arm/dofbot_ws/install_color_sorting/dofbot_interface/include/dofbot_interface/dofbot_interface/msg/detail/arm_joint__rosidl_typesupport_fastrtps_c.h\n'}
[3.284301] (dofbot_interface) StdoutLine: {'line': b'-- Installing: /home/jloy/Desktop/robot-arm/dofbot_ws/install_color_sorting/dofbot_interface/include/dofbot_interface/dofbot_interface/msg/detail/joint_info__rosidl_typesupport_fastrtps_c.h\n'}
[3.284414] (dofbot_interface) StdoutLine: {'line': b'-- Installing: /home/jloy/Desktop/robot-arm/dofbot_ws/install_color_sorting/dofbot_interface/include/dofbot_interface/dofbot_interface/msg/detail/yolov11_detect__rosidl_typesupport_fastrtps_c.h\n'}
[3.284471] (dofbot_interface) StdoutLine: {'line': b'-- Up-to-date: /home/jloy/Desktop/robot-arm/dofbot_ws/install_color_sorting/dofbot_interface/include/dofbot_interface/dofbot_interface/srv\n'}
[3.284502] (dofbot_interface) StdoutLine: {'line': b'-- Up-to-date: /home/jloy/Desktop/robot-arm/dofbot_ws/install_color_sorting/dofbot_interface/include/dofbot_interface/dofbot_interface/srv/detail\n'}
[3.284581] (dofbot_interface) StdoutLine: {'line': b'-- Installing: /home/jloy/Desktop/robot-arm/dofbot_ws/install_color_sorting/dofbot_interface/include/dofbot_interface/dofbot_interface/srv/detail/dofbot_pro_kinemarics__rosidl_typesupport_fastrtps_c.h\n'}
[3.284614] (dofbot_interface) StdoutLine: {'line': b'-- Installing: /home/jloy/Desktop/robot-arm/dofbot_ws/install_color_sorting/dofbot_interface/include/dofbot_interface/dofbot_interface/srv/detail/cur_joint__rosidl_typesupport_fastrtps_c.h\n'}
[3.284693] (dofbot_interface) StdoutLine: {'line': b'-- Installing: /home/jloy/Desktop/robot-arm/dofbot_ws/install_color_sorting/dofbot_interface/include/dofbot_interface/dofbot_interface/srv/detail/kinemarics__rosidl_typesupport_fastrtps_c.h\n'}
[3.284722] (dofbot_interface) StdoutLine: {'line': b'-- Installing: /home/jloy/Desktop/robot-arm/dofbot_ws/install_color_sorting/dofbot_interface/lib/libdofbot_interface__rosidl_typesupport_fastrtps_c.so\n'}
[3.284748] (dofbot_interface) StdoutLine: {'line': b'-- Set runtime path of "/home/jloy/Desktop/robot-arm/dofbot_ws/install_color_sorting/dofbot_interface/lib/libdofbot_interface__rosidl_typesupport_fastrtps_c.so" to ""\n'}
[3.284777] (dofbot_interface) StdoutLine: {'line': b'-- Up-to-date: /home/jloy/Desktop/robot-arm/dofbot_ws/install_color_sorting/dofbot_interface/include/dofbot_interface/dofbot_interface\n'}
[3.284804] (dofbot_interface) StdoutLine: {'line': b'-- Up-to-date: /home/jloy/Desktop/robot-arm/dofbot_ws/install_color_sorting/dofbot_interface/include/dofbot_interface/dofbot_interface/msg\n'}
[3.284829] (dofbot_interface) StdoutLine: {'line': b'-- Installing: /home/jloy/Desktop/robot-arm/dofbot_ws/install_color_sorting/dofbot_interface/include/dofbot_interface/dofbot_interface/msg/pos_info.hpp\n'}
[3.284877] (dofbot_interface) StdoutLine: {'line': b'-- Installing: /home/jloy/Desktop/robot-arm/dofbot_ws/install_color_sorting/dofbot_interface/include/dofbot_interface/dofbot_interface/msg/rosidl_generator_cpp__visibility_control.hpp\n'}
[3.285044] (dofbot_interface) StdoutLine: {'line': b'-- Installing: /home/jloy/Desktop/robot-arm/dofbot_ws/install_color_sorting/dofbot_interface/include/dofbot_interface/dofbot_interface/msg/april_tag_info.hpp\n'}
[3.285071] (dofbot_interface) StdoutLine: {'line': b'-- Installing: /home/jloy/Desktop/robot-arm/dofbot_ws/install_color_sorting/dofbot_interface/include/dofbot_interface/dofbot_interface/msg/width_info.hpp\n'}
[3.285098] (dofbot_interface) StdoutLine: {'line': b'-- Up-to-date: /home/jloy/Desktop/robot-arm/dofbot_ws/install_color_sorting/dofbot_interface/include/dofbot_interface/dofbot_interface/msg/detail\n'}
[3.285123] (dofbot_interface) StdoutLine: {'line': b'-- Installing: /home/jloy/Desktop/robot-arm/dofbot_ws/install_color_sorting/dofbot_interface/include/dofbot_interface/dofbot_interface/msg/detail/joint_info__struct.hpp\n'}
[3.285149] (dofbot_interface) StdoutLine: {'line': b'-- Installing: /home/jloy/Desktop/robot-arm/dofbot_ws/install_color_sorting/dofbot_interface/include/dofbot_interface/dofbot_interface/msg/detail/arm_joint__type_support.hpp\n'}
[3.285174] (dofbot_interface) StdoutLine: {'line': b'-- Installing: /home/jloy/Desktop/robot-arm/dofbot_ws/install_color_sorting/dofbot_interface/include/dofbot_interface/dofbot_interface/msg/detail/width_info__type_support.hpp\n'}
[3.285198] (dofbot_interface) StdoutLine: {'line': b'-- Installing: /home/jloy/Desktop/robot-arm/dofbot_ws/install_color_sorting/dofbot_interface/include/dofbot_interface/dofbot_interface/msg/detail/position__type_support.hpp\n'}
[3.285222] (dofbot_interface) StdoutLine: {'line': b'-- Installing: /home/jloy/Desktop/robot-arm/dofbot_ws/install_color_sorting/dofbot_interface/include/dofbot_interface/dofbot_interface/msg/detail/april_tag_info__traits.hpp\n'}
[3.285246] (dofbot_interface) StdoutLine: {'line': b'-- Installing: /home/jloy/Desktop/robot-arm/dofbot_ws/install_color_sorting/dofbot_interface/include/dofbot_interface/dofbot_interface/msg/detail/width_info__traits.hpp\n'}
[3.285269] (dofbot_interface) StdoutLine: {'line': b'-- Installing: /home/jloy/Desktop/robot-arm/dofbot_ws/install_color_sorting/dofbot_interface/include/dofbot_interface/dofbot_interface/msg/detail/position__traits.hpp\n'}
[3.285293] (dofbot_interface) StdoutLine: {'line': b'-- Installing: /home/jloy/Desktop/robot-arm/dofbot_ws/install_color_sorting/dofbot_interface/include/dofbot_interface/dofbot_interface/msg/detail/position__struct.hpp\n'}
[3.285411] (dofbot_interface) StdoutLine: {'line': b'-- Installing: /home/jloy/Desktop/robot-arm/dofbot_ws/install_color_sorting/dofbot_interface/include/dofbot_interface/dofbot_interface/msg/detail/width_info__struct.hpp\n'}
[3.285465] (dofbot_interface) StdoutLine: {'line': b'-- Installing: /home/jloy/Desktop/robot-arm/dofbot_ws/install_color_sorting/dofbot_interface/include/dofbot_interface/dofbot_interface/msg/detail/arm_joint__builder.hpp\n'}
[3.285540] (dofbot_interface) StdoutLine: {'line': b'-- Installing: /home/jloy/Desktop/robot-arm/dofbot_ws/install_color_sorting/dofbot_interface/include/dofbot_interface/dofbot_interface/msg/detail/width_info__builder.hpp\n'}
[3.285593] (dofbot_interface) StdoutLine: {'line': b'-- Installing: /home/jloy/Desktop/robot-arm/dofbot_ws/install_color_sorting/dofbot_interface/include/dofbot_interface/dofbot_interface/msg/detail/joint_info__type_support.hpp\n'}
[3.285672] (dofbot_interface) StdoutLine: {'line': b'-- Installing: /home/jloy/Desktop/robot-arm/dofbot_ws/install_color_sorting/dofbot_interface/include/dofbot_interface/dofbot_interface/msg/detail/pos_info__traits.hpp\n'}
[3.285723] (dofbot_interface) StdoutLine: {'line': b'-- Installing: /home/jloy/Desktop/robot-arm/dofbot_ws/install_color_sorting/dofbot_interface/include/dofbot_interface/dofbot_interface/msg/detail/image_msg__traits.hpp\n'}
[3.285776] (dofbot_interface) StdoutLine: {'line': b'-- Installing: /home/jloy/Desktop/robot-arm/dofbot_ws/install_color_sorting/dofbot_interface/include/dofbot_interface/dofbot_interface/msg/detail/joint_info__builder.hpp\n'}
[3.285854] (dofbot_interface) StdoutLine: {'line': b'-- Installing: /home/jloy/Desktop/robot-arm/dofbot_ws/install_color_sorting/dofbot_interface/include/dofbot_interface/dofbot_interface/msg/detail/image_msg__type_support.hpp\n'}
[3.285931] (dofbot_interface) StdoutLine: {'line': b'-- Installing: /home/jloy/Desktop/robot-arm/dofbot_ws/install_color_sorting/dofbot_interface/include/dofbot_interface/dofbot_interface/msg/detail/april_tag_info__builder.hpp\n'}
[3.285984] (dofbot_interface) StdoutLine: {'line': b'-- Installing: /home/jloy/Desktop/robot-arm/dofbot_ws/install_color_sorting/dofbot_interface/include/dofbot_interface/dofbot_interface/msg/detail/yolov11_detect__traits.hpp\n'}
[3.286070] (dofbot_interface) StdoutLine: {'line': b'-- Installing: /home/jloy/Desktop/robot-arm/dofbot_ws/install_color_sorting/dofbot_interface/include/dofbot_interface/dofbot_interface/msg/detail/yolov11_detect__builder.hpp\n'}
[3.286097] (dofbot_interface) StdoutLine: {'line': b'-- Installing: /home/jloy/Desktop/robot-arm/dofbot_ws/install_color_sorting/dofbot_interface/include/dofbot_interface/dofbot_interface/msg/detail/pos_info__struct.hpp\n'}
[3.286206] (dofbot_interface) StdoutLine: {'line': b'-- Installing: /home/jloy/Desktop/robot-arm/dofbot_ws/install_color_sorting/dofbot_interface/include/dofbot_interface/dofbot_interface/msg/detail/pos_info__builder.hpp\n'}
[3.286283] (dofbot_interface) StdoutLine: {'line': b'-- Installing: /home/jloy/Desktop/robot-arm/dofbot_ws/install_color_sorting/dofbot_interface/include/dofbot_interface/dofbot_interface/msg/detail/april_tag_info__type_support.hpp\n'}
[3.286335] (dofbot_interface) StdoutLine: {'line': b'-- Installing: /home/jloy/Desktop/robot-arm/dofbot_ws/install_color_sorting/dofbot_interface/include/dofbot_interface/dofbot_interface/msg/detail/arm_joint__struct.hpp\n'}
[3.286388] (dofbot_interface) StdoutLine: {'line': b'-- Installing: /home/jloy/Desktop/robot-arm/dofbot_ws/install_color_sorting/dofbot_interface/include/dofbot_interface/dofbot_interface/msg/detail/image_msg__builder.hpp\n'}
[3.286525] (dofbot_interface) StdoutLine: {'line': b'-- Installing: /home/jloy/Desktop/robot-arm/dofbot_ws/install_color_sorting/dofbot_interface/include/dofbot_interface/dofbot_interface/msg/detail/position__builder.hpp\n'}
[3.286569] (dofbot_interface) StdoutLine: {'line': b'-- Installing: /home/jloy/Desktop/robot-arm/dofbot_ws/install_color_sorting/dofbot_interface/include/dofbot_interface/dofbot_interface/msg/detail/yolov11_detect__type_support.hpp\n'}
[3.286611] (dofbot_interface) StdoutLine: {'line': b'-- Installing: /home/jloy/Desktop/robot-arm/dofbot_ws/install_color_sorting/dofbot_interface/include/dofbot_interface/dofbot_interface/msg/detail/yolov11_detect__struct.hpp\n'}
[3.286701] (dofbot_interface) StdoutLine: {'line': b'-- Installing: /home/jloy/Desktop/robot-arm/dofbot_ws/install_color_sorting/dofbot_interface/include/dofbot_interface/dofbot_interface/msg/detail/joint_info__traits.hpp\n'}
[3.286743] (dofbot_interface) StdoutLine: {'line': b'-- Installing: /home/jloy/Desktop/robot-arm/dofbot_ws/install_color_sorting/dofbot_interface/include/dofbot_interface/dofbot_interface/msg/detail/pos_info__type_support.hpp\n'}
[3.286804] (dofbot_interface) StdoutLine: {'line': b'-- Installing: /home/jloy/Desktop/robot-arm/dofbot_ws/install_color_sorting/dofbot_interface/include/dofbot_interface/dofbot_interface/msg/detail/arm_joint__traits.hpp\n'}
[3.286896] (dofbot_interface) StdoutLine: {'line': b'-- Installing: /home/jloy/Desktop/robot-arm/dofbot_ws/install_color_sorting/dofbot_interface/include/dofbot_interface/dofbot_interface/msg/detail/image_msg__struct.hpp\n'}
[3.286969] (dofbot_interface) StdoutLine: {'line': b'-- Installing: /home/jloy/Desktop/robot-arm/dofbot_ws/install_color_sorting/dofbot_interface/include/dofbot_interface/dofbot_interface/msg/detail/april_tag_info__struct.hpp\n'}
[3.287034] (dofbot_interface) StdoutLine: {'line': b'-- Installing: /home/jloy/Desktop/robot-arm/dofbot_ws/install_color_sorting/dofbot_interface/include/dofbot_interface/dofbot_interface/msg/arm_joint.hpp\n'}
[3.287108] (dofbot_interface) StdoutLine: {'line': b'-- Installing: /home/jloy/Desktop/robot-arm/dofbot_ws/install_color_sorting/dofbot_interface/include/dofbot_interface/dofbot_interface/msg/position.hpp\n'}
[3.287165] (dofbot_interface) StdoutLine: {'line': b'-- Installing: /home/jloy/Desktop/robot-arm/dofbot_ws/install_color_sorting/dofbot_interface/include/dofbot_interface/dofbot_interface/msg/yolov11_detect.hpp\n'}
[3.287223] (dofbot_interface) StdoutLine: {'line': b'-- Installing: /home/jloy/Desktop/robot-arm/dofbot_ws/install_color_sorting/dofbot_interface/include/dofbot_interface/dofbot_interface/msg/joint_info.hpp\n'}
[3.287281] (dofbot_interface) StdoutLine: {'line': b'-- Installing: /home/jloy/Desktop/robot-arm/dofbot_ws/install_color_sorting/dofbot_interface/include/dofbot_interface/dofbot_interface/msg/image_msg.hpp\n'}
[3.287352] (dofbot_interface) StdoutLine: {'line': b'-- Up-to-date: /home/jloy/Desktop/robot-arm/dofbot_ws/install_color_sorting/dofbot_interface/include/dofbot_interface/dofbot_interface/srv\n'}
[3.287408] (dofbot_interface) StdoutLine: {'line': b'-- Installing: /home/jloy/Desktop/robot-arm/dofbot_ws/install_color_sorting/dofbot_interface/include/dofbot_interface/dofbot_interface/srv/cur_joint.hpp\n'}
[3.287478] (dofbot_interface) StdoutLine: {'line': b'-- Up-to-date: /home/jloy/Desktop/robot-arm/dofbot_ws/install_color_sorting/dofbot_interface/include/dofbot_interface/dofbot_interface/srv/detail\n'}
[3.287536] (dofbot_interface) StdoutLine: {'line': b'-- Installing: /home/jloy/Desktop/robot-arm/dofbot_ws/install_color_sorting/dofbot_interface/include/dofbot_interface/dofbot_interface/srv/detail/kinemarics__type_support.hpp\n'}
[3.287632] (dofbot_interface) StdoutLine: {'line': b'-- Installing: /home/jloy/Desktop/robot-arm/dofbot_ws/install_color_sorting/dofbot_interface/include/dofbot_interface/dofbot_interface/srv/detail/kinemarics__traits.hpp\n'}
[3.287692] (dofbot_interface) StdoutLine: {'line': b'-- Installing: /home/jloy/Desktop/robot-arm/dofbot_ws/install_color_sorting/dofbot_interface/include/dofbot_interface/dofbot_interface/srv/detail/dofbot_pro_kinemarics__type_support.hpp\n'}
[3.287762] (dofbot_interface) StdoutLine: {'line': b'-- Installing: /home/jloy/Desktop/robot-arm/dofbot_ws/install_color_sorting/dofbot_interface/include/dofbot_interface/dofbot_interface/srv/detail/cur_joint__struct.hpp\n'}
[3.287818] (dofbot_interface) StdoutLine: {'line': b'-- Installing: /home/jloy/Desktop/robot-arm/dofbot_ws/install_color_sorting/dofbot_interface/include/dofbot_interface/dofbot_interface/srv/detail/cur_joint__traits.hpp\n'}
[3.287874] (dofbot_interface) StdoutLine: {'line': b'-- Installing: /home/jloy/Desktop/robot-arm/dofbot_ws/install_color_sorting/dofbot_interface/include/dofbot_interface/dofbot_interface/srv/detail/kinemarics__struct.hpp\n'}
[3.287915] (dofbot_interface) StdoutLine: {'line': b'-- Installing: /home/jloy/Desktop/robot-arm/dofbot_ws/install_color_sorting/dofbot_interface/include/dofbot_interface/dofbot_interface/srv/detail/dofbot_pro_kinemarics__struct.hpp\n'}
[3.287978] (dofbot_interface) StdoutLine: {'line': b'-- Installing: /home/jloy/Desktop/robot-arm/dofbot_ws/install_color_sorting/dofbot_interface/include/dofbot_interface/dofbot_interface/srv/detail/cur_joint__type_support.hpp\n'}
[3.288023] (dofbot_interface) StdoutLine: {'line': b'-- Installing: /home/jloy/Desktop/robot-arm/dofbot_ws/install_color_sorting/dofbot_interface/include/dofbot_interface/dofbot_interface/srv/detail/kinemarics__builder.hpp\n'}
[3.288065] (dofbot_interface) StdoutLine: {'line': b'-- Installing: /home/jloy/Desktop/robot-arm/dofbot_ws/install_color_sorting/dofbot_interface/include/dofbot_interface/dofbot_interface/srv/detail/dofbot_pro_kinemarics__traits.hpp\n'}
[3.288105] (dofbot_interface) StdoutLine: {'line': b'-- Installing: /home/jloy/Desktop/robot-arm/dofbot_ws/install_color_sorting/dofbot_interface/include/dofbot_interface/dofbot_interface/srv/detail/dofbot_pro_kinemarics__builder.hpp\n'}
[3.288185] (dofbot_interface) StdoutLine: {'line': b'-- Installing: /home/jloy/Desktop/robot-arm/dofbot_ws/install_color_sorting/dofbot_interface/include/dofbot_interface/dofbot_interface/srv/detail/cur_joint__builder.hpp\n'}
[3.288226] (dofbot_interface) StdoutLine: {'line': b'-- Installing: /home/jloy/Desktop/robot-arm/dofbot_ws/install_color_sorting/dofbot_interface/include/dofbot_interface/dofbot_interface/srv/dofbot_pro_kinemarics.hpp\n'}
[3.288267] (dofbot_interface) StdoutLine: {'line': b'-- Installing: /home/jloy/Desktop/robot-arm/dofbot_ws/install_color_sorting/dofbot_interface/include/dofbot_interface/dofbot_interface/srv/kinemarics.hpp\n'}
[3.288339] (dofbot_interface) StdoutLine: {'line': b'-- Up-to-date: /home/jloy/Desktop/robot-arm/dofbot_ws/install_color_sorting/dofbot_interface/include/dofbot_interface/dofbot_interface\n'}
[3.288417] (dofbot_interface) StdoutLine: {'line': b'-- Up-to-date: /home/jloy/Desktop/robot-arm/dofbot_ws/install_color_sorting/dofbot_interface/include/dofbot_interface/dofbot_interface/msg\n'}
[3.288478] (dofbot_interface) StdoutLine: {'line': b'-- Installing: /home/jloy/Desktop/robot-arm/dofbot_ws/install_color_sorting/dofbot_interface/include/dofbot_interface/dofbot_interface/msg/rosidl_typesupport_fastrtps_cpp__visibility_control.h\n'}
[3.288546] (dofbot_interface) StdoutLine: {'line': b'-- Up-to-date: /home/jloy/Desktop/robot-arm/dofbot_ws/install_color_sorting/dofbot_interface/include/dofbot_interface/dofbot_interface/msg/detail\n'}
[3.288586] (dofbot_interface) StdoutLine: {'line': b'-- Installing: /home/jloy/Desktop/robot-arm/dofbot_ws/install_color_sorting/dofbot_interface/include/dofbot_interface/dofbot_interface/msg/detail/yolov11_detect__rosidl_typesupport_fastrtps_cpp.hpp\n'}
[3.288639] (dofbot_interface) StdoutLine: {'line': b'-- Installing: /home/jloy/Desktop/robot-arm/dofbot_ws/install_color_sorting/dofbot_interface/include/dofbot_interface/dofbot_interface/msg/detail/april_tag_info__rosidl_typesupport_fastrtps_cpp.hpp\n'}
[3.288678] (dofbot_interface) StdoutLine: {'line': b'-- Installing: /home/jloy/Desktop/robot-arm/dofbot_ws/install_color_sorting/dofbot_interface/include/dofbot_interface/dofbot_interface/msg/detail/width_info__rosidl_typesupport_fastrtps_cpp.hpp\n'}
[3.288746] (dofbot_interface) StdoutLine: {'line': b'-- Installing: /home/jloy/Desktop/robot-arm/dofbot_ws/install_color_sorting/dofbot_interface/include/dofbot_interface/dofbot_interface/msg/detail/pos_info__rosidl_typesupport_fastrtps_cpp.hpp\n'}
[3.288815] (dofbot_interface) StdoutLine: {'line': b'-- Installing: /home/jloy/Desktop/robot-arm/dofbot_ws/install_color_sorting/dofbot_interface/include/dofbot_interface/dofbot_interface/msg/detail/position__rosidl_typesupport_fastrtps_cpp.hpp\n'}
[3.288870] (dofbot_interface) StdoutLine: {'line': b'-- Installing: /home/jloy/Desktop/robot-arm/dofbot_ws/install_color_sorting/dofbot_interface/include/dofbot_interface/dofbot_interface/msg/detail/arm_joint__rosidl_typesupport_fastrtps_cpp.hpp\n'}
[3.288938] (dofbot_interface) StdoutLine: {'line': b'-- Installing: /home/jloy/Desktop/robot-arm/dofbot_ws/install_color_sorting/dofbot_interface/include/dofbot_interface/dofbot_interface/msg/detail/image_msg__rosidl_typesupport_fastrtps_cpp.hpp\n'}
[3.289011] (dofbot_interface) StdoutLine: {'line': b'-- Installing: /home/jloy/Desktop/robot-arm/dofbot_ws/install_color_sorting/dofbot_interface/include/dofbot_interface/dofbot_interface/msg/detail/joint_info__rosidl_typesupport_fastrtps_cpp.hpp\n'}
[3.289045] (dofbot_interface) StdoutLine: {'line': b'-- Installing: /home/jloy/Desktop/robot-arm/dofbot_ws/install_color_sorting/dofbot_interface/include/dofbot_interface/dofbot_interface/msg/detail/dds_fastrtps\n'}
[3.289071] (dofbot_interface) StdoutLine: {'line': b'-- Up-to-date: /home/jloy/Desktop/robot-arm/dofbot_ws/install_color_sorting/dofbot_interface/include/dofbot_interface/dofbot_interface/srv\n'}
[3.289096] (dofbot_interface) StdoutLine: {'line': b'-- Up-to-date: /home/jloy/Desktop/robot-arm/dofbot_ws/install_color_sorting/dofbot_interface/include/dofbot_interface/dofbot_interface/srv/detail\n'}
[3.289121] (dofbot_interface) StdoutLine: {'line': b'-- Installing: /home/jloy/Desktop/robot-arm/dofbot_ws/install_color_sorting/dofbot_interface/include/dofbot_interface/dofbot_interface/srv/detail/cur_joint__rosidl_typesupport_fastrtps_cpp.hpp\n'}
[3.289146] (dofbot_interface) StdoutLine: {'line': b'-- Installing: /home/jloy/Desktop/robot-arm/dofbot_ws/install_color_sorting/dofbot_interface/include/dofbot_interface/dofbot_interface/srv/detail/dofbot_pro_kinemarics__rosidl_typesupport_fastrtps_cpp.hpp\n'}
[3.289172] (dofbot_interface) StdoutLine: {'line': b'-- Installing: /home/jloy/Desktop/robot-arm/dofbot_ws/install_color_sorting/dofbot_interface/include/dofbot_interface/dofbot_interface/srv/detail/kinemarics__rosidl_typesupport_fastrtps_cpp.hpp\n'}
[3.289195] (dofbot_interface) StdoutLine: {'line': b'-- Installing: /home/jloy/Desktop/robot-arm/dofbot_ws/install_color_sorting/dofbot_interface/include/dofbot_interface/dofbot_interface/srv/detail/dds_fastrtps\n'}
[3.289281] (dofbot_interface) StdoutLine: {'line': b'-- Installing: /home/jloy/Desktop/robot-arm/dofbot_ws/install_color_sorting/dofbot_interface/lib/libdofbot_interface__rosidl_typesupport_fastrtps_cpp.so\n'}
[3.289325] (dofbot_interface) StdoutLine: {'line': b'-- Set runtime path of "/home/jloy/Desktop/robot-arm/dofbot_ws/install_color_sorting/dofbot_interface/lib/libdofbot_interface__rosidl_typesupport_fastrtps_cpp.so" to ""\n'}
[3.289385] (dofbot_interface) StdoutLine: {'line': b'-- Up-to-date: /home/jloy/Desktop/robot-arm/dofbot_ws/install_color_sorting/dofbot_interface/include/dofbot_interface/dofbot_interface\n'}
[3.289428] (dofbot_interface) StdoutLine: {'line': b'-- Up-to-date: /home/jloy/Desktop/robot-arm/dofbot_ws/install_color_sorting/dofbot_interface/include/dofbot_interface/dofbot_interface/msg\n'}
[3.289488] (dofbot_interface) StdoutLine: {'line': b'-- Installing: /home/jloy/Desktop/robot-arm/dofbot_ws/install_color_sorting/dofbot_interface/include/dofbot_interface/dofbot_interface/msg/rosidl_typesupport_introspection_c__visibility_control.h\n'}
[3.289532] (dofbot_interface) StdoutLine: {'line': b'-- Up-to-date: /home/jloy/Desktop/robot-arm/dofbot_ws/install_color_sorting/dofbot_interface/include/dofbot_interface/dofbot_interface/msg/detail\n'}
[3.289558] (dofbot_interface) StdoutLine: {'line': b'-- Installing: /home/jloy/Desktop/robot-arm/dofbot_ws/install_color_sorting/dofbot_interface/include/dofbot_interface/dofbot_interface/msg/detail/yolov11_detect__rosidl_typesupport_introspection_c.h\n'}
[3.289610] (dofbot_interface) StdoutLine: {'line': b'-- Installing: /home/jloy/Desktop/robot-arm/dofbot_ws/install_color_sorting/dofbot_interface/include/dofbot_interface/dofbot_interface/msg/detail/pos_info__type_support.c\n'}
[3.289634] (dofbot_interface) StdoutLine: {'line': b'-- Installing: /home/jloy/Desktop/robot-arm/dofbot_ws/install_color_sorting/dofbot_interface/include/dofbot_interface/dofbot_interface/msg/detail/joint_info__rosidl_typesupport_introspection_c.h\n'}
[3.289707] (dofbot_interface) StdoutLine: {'line': b'-- Installing: /home/jloy/Desktop/robot-arm/dofbot_ws/install_color_sorting/dofbot_interface/include/dofbot_interface/dofbot_interface/msg/detail/joint_info__type_support.c\n'}
[3.289732] (dofbot_interface) StdoutLine: {'line': b'-- Installing: /home/jloy/Desktop/robot-arm/dofbot_ws/install_color_sorting/dofbot_interface/include/dofbot_interface/dofbot_interface/msg/detail/april_tag_info__rosidl_typesupport_introspection_c.h\n'}
[3.289783] (dofbot_interface) StdoutLine: {'line': b'-- Installing: /home/jloy/Desktop/robot-arm/dofbot_ws/install_color_sorting/dofbot_interface/include/dofbot_interface/dofbot_interface/msg/detail/arm_joint__rosidl_typesupport_introspection_c.h\n'}
[3.289832] (dofbot_interface) StdoutLine: {'line': b'-- Installing: /home/jloy/Desktop/robot-arm/dofbot_ws/install_color_sorting/dofbot_interface/include/dofbot_interface/dofbot_interface/msg/detail/arm_joint__type_support.c\n'}
[3.289881] (dofbot_interface) StdoutLine: {'line': b'-- Installing: /home/jloy/Desktop/robot-arm/dofbot_ws/install_color_sorting/dofbot_interface/include/dofbot_interface/dofbot_interface/msg/detail/image_msg__type_support.c\n'}
[3.289905] (dofbot_interface) StdoutLine: {'line': b'-- Installing: /home/jloy/Desktop/robot-arm/dofbot_ws/install_color_sorting/dofbot_interface/include/dofbot_interface/dofbot_interface/msg/detail/width_info__rosidl_typesupport_introspection_c.h\n'}
[3.289974] (dofbot_interface) StdoutLine: {'line': b'-- Installing: /home/jloy/Desktop/robot-arm/dofbot_ws/install_color_sorting/dofbot_interface/include/dofbot_interface/dofbot_interface/msg/detail/image_msg__rosidl_typesupport_introspection_c.h\n'}
[3.290051] (dofbot_interface) StdoutLine: {'line': b'-- Installing: /home/jloy/Desktop/robot-arm/dofbot_ws/install_color_sorting/dofbot_interface/include/dofbot_interface/dofbot_interface/msg/detail/position__type_support.c\n'}
[3.290098] (dofbot_interface) StdoutLine: {'line': b'-- Installing: /home/jloy/Desktop/robot-arm/dofbot_ws/install_color_sorting/dofbot_interface/include/dofbot_interface/dofbot_interface/msg/detail/pos_info__rosidl_typesupport_introspection_c.h\n'}
[3.290141] (dofbot_interface) StdoutLine: {'line': b'-- Installing: /home/jloy/Desktop/robot-arm/dofbot_ws/install_color_sorting/dofbot_interface/include/dofbot_interface/dofbot_interface/msg/detail/position__rosidl_typesupport_introspection_c.h\n'}
[3.290202] (dofbot_interface) StdoutLine: {'line': b'-- Installing: /home/jloy/Desktop/robot-arm/dofbot_ws/install_color_sorting/dofbot_interface/include/dofbot_interface/dofbot_interface/msg/detail/april_tag_info__type_support.c\n'}
[3.290228] (dofbot_interface) StdoutLine: {'line': b'-- Installing: /home/jloy/Desktop/robot-arm/dofbot_ws/install_color_sorting/dofbot_interface/include/dofbot_interface/dofbot_interface/msg/detail/width_info__type_support.c\n'}
[3.290252] (dofbot_interface) StdoutLine: {'line': b'-- Installing: /home/jloy/Desktop/robot-arm/dofbot_ws/install_color_sorting/dofbot_interface/include/dofbot_interface/dofbot_interface/msg/detail/yolov11_detect__type_support.c\n'}
[3.290276] (dofbot_interface) StdoutLine: {'line': b'-- Up-to-date: /home/jloy/Desktop/robot-arm/dofbot_ws/install_color_sorting/dofbot_interface/include/dofbot_interface/dofbot_interface/srv\n'}
[3.290300] (dofbot_interface) StdoutLine: {'line': b'-- Up-to-date: /home/jloy/Desktop/robot-arm/dofbot_ws/install_color_sorting/dofbot_interface/include/dofbot_interface/dofbot_interface/srv/detail\n'}
[3.290324] (dofbot_interface) StdoutLine: {'line': b'-- Installing: /home/jloy/Desktop/robot-arm/dofbot_ws/install_color_sorting/dofbot_interface/include/dofbot_interface/dofbot_interface/srv/detail/dofbot_pro_kinemarics__type_support.c\n'}
[3.290348] (dofbot_interface) StdoutLine: {'line': b'-- Installing: /home/jloy/Desktop/robot-arm/dofbot_ws/install_color_sorting/dofbot_interface/include/dofbot_interface/dofbot_interface/srv/detail/kinemarics__rosidl_typesupport_introspection_c.h\n'}
[3.290372] (dofbot_interface) StdoutLine: {'line': b'-- Installing: /home/jloy/Desktop/robot-arm/dofbot_ws/install_color_sorting/dofbot_interface/include/dofbot_interface/dofbot_interface/srv/detail/dofbot_pro_kinemarics__rosidl_typesupport_introspection_c.h\n'}
[3.290395] (dofbot_interface) StdoutLine: {'line': b'-- Installing: /home/jloy/Desktop/robot-arm/dofbot_ws/install_color_sorting/dofbot_interface/include/dofbot_interface/dofbot_interface/srv/detail/kinemarics__type_support.c\n'}
[3.290419] (dofbot_interface) StdoutLine: {'line': b'-- Installing: /home/jloy/Desktop/robot-arm/dofbot_ws/install_color_sorting/dofbot_interface/include/dofbot_interface/dofbot_interface/srv/detail/cur_joint__type_support.c\n'}
[3.290442] (dofbot_interface) StdoutLine: {'line': b'-- Installing: /home/jloy/Desktop/robot-arm/dofbot_ws/install_color_sorting/dofbot_interface/include/dofbot_interface/dofbot_interface/srv/detail/cur_joint__rosidl_typesupport_introspection_c.h\n'}
[3.290466] (dofbot_interface) StdoutLine: {'line': b'-- Installing: /home/jloy/Desktop/robot-arm/dofbot_ws/install_color_sorting/dofbot_interface/lib/libdofbot_interface__rosidl_typesupport_introspection_c.so\n'}
[3.290490] (dofbot_interface) StdoutLine: {'line': b'-- Set runtime path of "/home/jloy/Desktop/robot-arm/dofbot_ws/install_color_sorting/dofbot_interface/lib/libdofbot_interface__rosidl_typesupport_introspection_c.so" to ""\n'}
[3.290514] (dofbot_interface) StdoutLine: {'line': b'-- Installing: /home/jloy/Desktop/robot-arm/dofbot_ws/install_color_sorting/dofbot_interface/lib/libdofbot_interface__rosidl_typesupport_c.so\n'}
[3.290540] (dofbot_interface) StdoutLine: {'line': b'-- Set runtime path of "/home/jloy/Desktop/robot-arm/dofbot_ws/install_color_sorting/dofbot_interface/lib/libdofbot_interface__rosidl_typesupport_c.so" to ""\n'}
[3.290565] (dofbot_interface) StdoutLine: {'line': b'-- Up-to-date: /home/jloy/Desktop/robot-arm/dofbot_ws/install_color_sorting/dofbot_interface/include/dofbot_interface/dofbot_interface\n'}
[3.290590] (dofbot_interface) StdoutLine: {'line': b'-- Up-to-date: /home/jloy/Desktop/robot-arm/dofbot_ws/install_color_sorting/dofbot_interface/include/dofbot_interface/dofbot_interface/msg\n'}
[3.290616] (dofbot_interface) StdoutLine: {'line': b'-- Up-to-date: /home/jloy/Desktop/robot-arm/dofbot_ws/install_color_sorting/dofbot_interface/include/dofbot_interface/dofbot_interface/msg/detail\n'}
[3.290640] (dofbot_interface) StdoutLine: {'line': b'-- Installing: /home/jloy/Desktop/robot-arm/dofbot_ws/install_color_sorting/dofbot_interface/include/dofbot_interface/dofbot_interface/msg/detail/pos_info__rosidl_typesupport_introspection_cpp.hpp\n'}
[3.290664] (dofbot_interface) StdoutLine: {'line': b'-- Installing: /home/jloy/Desktop/robot-arm/dofbot_ws/install_color_sorting/dofbot_interface/include/dofbot_interface/dofbot_interface/msg/detail/position__rosidl_typesupport_introspection_cpp.hpp\n'}
[3.290688] (dofbot_interface) StdoutLine: {'line': b'-- Installing: /home/jloy/Desktop/robot-arm/dofbot_ws/install_color_sorting/dofbot_interface/include/dofbot_interface/dofbot_interface/msg/detail/joint_info__rosidl_typesupport_introspection_cpp.hpp\n'}
[3.290716] (dofbot_interface) StdoutLine: {'line': b'-- Installing: /home/jloy/Desktop/robot-arm/dofbot_ws/install_color_sorting/dofbot_interface/include/dofbot_interface/dofbot_interface/msg/detail/position__type_support.cpp\n'}
[3.290750] (dofbot_interface) StdoutLine: {'line': b'-- Installing: /home/jloy/Desktop/robot-arm/dofbot_ws/install_color_sorting/dofbot_interface/include/dofbot_interface/dofbot_interface/msg/detail/arm_joint__rosidl_typesupport_introspection_cpp.hpp\n'}
[3.290781] (dofbot_interface) StdoutLine: {'line': b'-- Installing: /home/jloy/Desktop/robot-arm/dofbot_ws/install_color_sorting/dofbot_interface/include/dofbot_interface/dofbot_interface/msg/detail/arm_joint__type_support.cpp\n'}
[3.290806] (dofbot_interface) StdoutLine: {'line': b'-- Installing: /home/jloy/Desktop/robot-arm/dofbot_ws/install_color_sorting/dofbot_interface/include/dofbot_interface/dofbot_interface/msg/detail/joint_info__type_support.cpp\n'}
[3.290831] (dofbot_interface) StdoutLine: {'line': b'-- Installing: /home/jloy/Desktop/robot-arm/dofbot_ws/install_color_sorting/dofbot_interface/include/dofbot_interface/dofbot_interface/msg/detail/width_info__type_support.cpp\n'}
[3.290857] (dofbot_interface) StdoutLine: {'line': b'-- Installing: /home/jloy/Desktop/robot-arm/dofbot_ws/install_color_sorting/dofbot_interface/include/dofbot_interface/dofbot_interface/msg/detail/yolov11_detect__type_support.cpp\n'}
[3.290882] (dofbot_interface) StdoutLine: {'line': b'-- Installing: /home/jloy/Desktop/robot-arm/dofbot_ws/install_color_sorting/dofbot_interface/include/dofbot_interface/dofbot_interface/msg/detail/image_msg__type_support.cpp\n'}
[3.290977] (dofbot_interface) StdoutLine: {'line': b'-- Installing: /home/jloy/Desktop/robot-arm/dofbot_ws/install_color_sorting/dofbot_interface/include/dofbot_interface/dofbot_interface/msg/detail/yolov11_detect__rosidl_typesupport_introspection_cpp.hpp\n'}
[3.291006] (dofbot_interface) StdoutLine: {'line': b'-- Installing: /home/jloy/Desktop/robot-arm/dofbot_ws/install_color_sorting/dofbot_interface/include/dofbot_interface/dofbot_interface/msg/detail/pos_info__type_support.cpp\n'}
[3.291032] (dofbot_interface) StdoutLine: {'line': b'-- Installing: /home/jloy/Desktop/robot-arm/dofbot_ws/install_color_sorting/dofbot_interface/include/dofbot_interface/dofbot_interface/msg/detail/width_info__rosidl_typesupport_introspection_cpp.hpp\n'}
[3.291067] (dofbot_interface) StdoutLine: {'line': b'-- Installing: /home/jloy/Desktop/robot-arm/dofbot_ws/install_color_sorting/dofbot_interface/include/dofbot_interface/dofbot_interface/msg/detail/april_tag_info__type_support.cpp\n'}
[3.291104] (dofbot_interface) StdoutLine: {'line': b'-- Installing: /home/jloy/Desktop/robot-arm/dofbot_ws/install_color_sorting/dofbot_interface/include/dofbot_interface/dofbot_interface/msg/detail/image_msg__rosidl_typesupport_introspection_cpp.hpp\n'}
[3.291137] (dofbot_interface) StdoutLine: {'line': b'-- Installing: /home/jloy/Desktop/robot-arm/dofbot_ws/install_color_sorting/dofbot_interface/include/dofbot_interface/dofbot_interface/msg/detail/april_tag_info__rosidl_typesupport_introspection_cpp.hpp\n'}
[3.291173] (dofbot_interface) StdoutLine: {'line': b'-- Up-to-date: /home/jloy/Desktop/robot-arm/dofbot_ws/install_color_sorting/dofbot_interface/include/dofbot_interface/dofbot_interface/srv\n'}
[3.291209] (dofbot_interface) StdoutLine: {'line': b'-- Up-to-date: /home/jloy/Desktop/robot-arm/dofbot_ws/install_color_sorting/dofbot_interface/include/dofbot_interface/dofbot_interface/srv/detail\n'}
[3.291246] (dofbot_interface) StdoutLine: {'line': b'-- Installing: /home/jloy/Desktop/robot-arm/dofbot_ws/install_color_sorting/dofbot_interface/include/dofbot_interface/dofbot_interface/srv/detail/kinemarics__rosidl_typesupport_introspection_cpp.hpp\n'}
[3.291287] (dofbot_interface) StdoutLine: {'line': b'-- Installing: /home/jloy/Desktop/robot-arm/dofbot_ws/install_color_sorting/dofbot_interface/include/dofbot_interface/dofbot_interface/srv/detail/dofbot_pro_kinemarics__rosidl_typesupport_introspection_cpp.hpp\n'}
[3.291324] (dofbot_interface) StdoutLine: {'line': b'-- Installing: /home/jloy/Desktop/robot-arm/dofbot_ws/install_color_sorting/dofbot_interface/include/dofbot_interface/dofbot_interface/srv/detail/cur_joint__type_support.cpp\n'}
[3.291357] (dofbot_interface) StdoutLine: {'line': b'-- Installing: /home/jloy/Desktop/robot-arm/dofbot_ws/install_color_sorting/dofbot_interface/include/dofbot_interface/dofbot_interface/srv/detail/dofbot_pro_kinemarics__type_support.cpp\n'}
[3.291398] (dofbot_interface) StdoutLine: {'line': b'-- Installing: /home/jloy/Desktop/robot-arm/dofbot_ws/install_color_sorting/dofbot_interface/include/dofbot_interface/dofbot_interface/srv/detail/kinemarics__type_support.cpp\n'}
[3.291502] (dofbot_interface) StdoutLine: {'line': b'-- Installing: /home/jloy/Desktop/robot-arm/dofbot_ws/install_color_sorting/dofbot_interface/include/dofbot_interface/dofbot_interface/srv/detail/cur_joint__rosidl_typesupport_introspection_cpp.hpp\n'}
[3.291624] (dofbot_interface) StdoutLine: {'line': b'-- Installing: /home/jloy/Desktop/robot-arm/dofbot_ws/install_color_sorting/dofbot_interface/lib/libdofbot_interface__rosidl_typesupport_introspection_cpp.so\n'}
[3.291730] (dofbot_interface) StdoutLine: {'line': b'-- Set runtime path of "/home/jloy/Desktop/robot-arm/dofbot_ws/install_color_sorting/dofbot_interface/lib/libdofbot_interface__rosidl_typesupport_introspection_cpp.so" to ""\n'}
[3.291785] (dofbot_interface) StdoutLine: {'line': b'-- Installing: /home/jloy/Desktop/robot-arm/dofbot_ws/install_color_sorting/dofbot_interface/lib/libdofbot_interface__rosidl_typesupport_cpp.so\n'}
[3.291823] (dofbot_interface) StdoutLine: {'line': b'-- Set runtime path of "/home/jloy/Desktop/robot-arm/dofbot_ws/install_color_sorting/dofbot_interface/lib/libdofbot_interface__rosidl_typesupport_cpp.so" to ""\n'}
[3.291862] (dofbot_interface) StdoutLine: {'line': b'-- Installing: /home/jloy/Desktop/robot-arm/dofbot_ws/install_color_sorting/dofbot_interface/share/dofbot_interface/environment/pythonpath.sh\n'}
[3.291899] (dofbot_interface) StdoutLine: {'line': b'-- Installing: /home/jloy/Desktop/robot-arm/dofbot_ws/install_color_sorting/dofbot_interface/share/dofbot_interface/environment/pythonpath.dsv\n'}
[3.291925] (dofbot_interface) StdoutLine: {'line': b'-- Installing: /home/jloy/Desktop/robot-arm/dofbot_ws/install_color_sorting/dofbot_interface/local/lib/python3.10/dist-packages/dofbot_interface-0.0.0-py3.10.egg-info\n'}
[3.291949] (dofbot_interface) StdoutLine: {'line': b'-- Installing: /home/jloy/Desktop/robot-arm/dofbot_ws/install_color_sorting/dofbot_interface/local/lib/python3.10/dist-packages/dofbot_interface-0.0.0-py3.10.egg-info/PKG-INFO\n'}
[3.291974] (dofbot_interface) StdoutLine: {'line': b'-- Installing: /home/jloy/Desktop/robot-arm/dofbot_ws/install_color_sorting/dofbot_interface/local/lib/python3.10/dist-packages/dofbot_interface-0.0.0-py3.10.egg-info/dependency_links.txt\n'}
[3.292003] (dofbot_interface) StdoutLine: {'line': b'-- Installing: /home/jloy/Desktop/robot-arm/dofbot_ws/install_color_sorting/dofbot_interface/local/lib/python3.10/dist-packages/dofbot_interface-0.0.0-py3.10.egg-info/SOURCES.txt\n'}
[3.292031] (dofbot_interface) StdoutLine: {'line': b'-- Installing: /home/jloy/Desktop/robot-arm/dofbot_ws/install_color_sorting/dofbot_interface/local/lib/python3.10/dist-packages/dofbot_interface-0.0.0-py3.10.egg-info/top_level.txt\n'}
[3.292055] (dofbot_interface) StdoutLine: {'line': b'-- Installing: /home/jloy/Desktop/robot-arm/dofbot_ws/install_color_sorting/dofbot_interface/local/lib/python3.10/dist-packages/dofbot_interface\n'}
[3.292078] (dofbot_interface) StdoutLine: {'line': b'-- Installing: /home/jloy/Desktop/robot-arm/dofbot_ws/install_color_sorting/dofbot_interface/local/lib/python3.10/dist-packages/dofbot_interface/dofbot_interface_s__rosidl_typesupport_introspection_c.cpython-310-x86_64-linux-gnu.so\n'}
[3.292102] (dofbot_interface) StdoutLine: {'line': b'-- Installing: /home/jloy/Desktop/robot-arm/dofbot_ws/install_color_sorting/dofbot_interface/local/lib/python3.10/dist-packages/dofbot_interface/msg\n'}
[3.292126] (dofbot_interface) StdoutLine: {'line': b'-- Installing: /home/jloy/Desktop/robot-arm/dofbot_ws/install_color_sorting/dofbot_interface/local/lib/python3.10/dist-packages/dofbot_interface/msg/_width_info_s.c\n'}
[3.292149] (dofbot_interface) StdoutLine: {'line': b'-- Installing: /home/jloy/Desktop/robot-arm/dofbot_ws/install_color_sorting/dofbot_interface/local/lib/python3.10/dist-packages/dofbot_interface/msg/_arm_joint_s.c\n'}
[3.292172] (dofbot_interface) StdoutLine: {'line': b'-- Installing: /home/jloy/Desktop/robot-arm/dofbot_ws/install_color_sorting/dofbot_interface/local/lib/python3.10/dist-packages/dofbot_interface/msg/_arm_joint.py\n'}
[3.292195] (dofbot_interface) StdoutLine: {'line': b'-- Installing: /home/jloy/Desktop/robot-arm/dofbot_ws/install_color_sorting/dofbot_interface/local/lib/python3.10/dist-packages/dofbot_interface/msg/_pos_info.py\n'}
[3.292217] (dofbot_interface) StdoutLine: {'line': b'-- Installing: /home/jloy/Desktop/robot-arm/dofbot_ws/install_color_sorting/dofbot_interface/local/lib/python3.10/dist-packages/dofbot_interface/msg/_yolov11_detect_s.c\n'}
[3.292240] (dofbot_interface) StdoutLine: {'line': b'-- Installing: /home/jloy/Desktop/robot-arm/dofbot_ws/install_color_sorting/dofbot_interface/local/lib/python3.10/dist-packages/dofbot_interface/msg/_yolov11_detect.py\n'}
[3.292263] (dofbot_interface) StdoutLine: {'line': b'-- Installing: /home/jloy/Desktop/robot-arm/dofbot_ws/install_color_sorting/dofbot_interface/local/lib/python3.10/dist-packages/dofbot_interface/msg/_joint_info.py\n'}
[3.292287] (dofbot_interface) StdoutLine: {'line': b'-- Installing: /home/jloy/Desktop/robot-arm/dofbot_ws/install_color_sorting/dofbot_interface/local/lib/python3.10/dist-packages/dofbot_interface/msg/_position_s.c\n'}
[3.292310] (dofbot_interface) StdoutLine: {'line': b'-- Installing: /home/jloy/Desktop/robot-arm/dofbot_ws/install_color_sorting/dofbot_interface/local/lib/python3.10/dist-packages/dofbot_interface/msg/_position.py\n'}
[3.292333] (dofbot_interface) StdoutLine: {'line': b'-- Installing: /home/jloy/Desktop/robot-arm/dofbot_ws/install_color_sorting/dofbot_interface/local/lib/python3.10/dist-packages/dofbot_interface/msg/__init__.py\n'}
[3.292355] (dofbot_interface) StdoutLine: {'line': b'-- Installing: /home/jloy/Desktop/robot-arm/dofbot_ws/install_color_sorting/dofbot_interface/local/lib/python3.10/dist-packages/dofbot_interface/msg/_width_info.py\n'}
[3.292379] (dofbot_interface) StdoutLine: {'line': b'-- Installing: /home/jloy/Desktop/robot-arm/dofbot_ws/install_color_sorting/dofbot_interface/local/lib/python3.10/dist-packages/dofbot_interface/msg/_pos_info_s.c\n'}
[3.292405] (dofbot_interface) StdoutLine: {'line': b'-- Installing: /home/jloy/Desktop/robot-arm/dofbot_ws/install_color_sorting/dofbot_interface/local/lib/python3.10/dist-packages/dofbot_interface/msg/_image_msg.py\n'}
[3.292428] (dofbot_interface) StdoutLine: {'line': b'-- Installing: /home/jloy/Desktop/robot-arm/dofbot_ws/install_color_sorting/dofbot_interface/local/lib/python3.10/dist-packages/dofbot_interface/msg/_april_tag_info_s.c\n'}
[3.292451] (dofbot_interface) StdoutLine: {'line': b'-- Installing: /home/jloy/Desktop/robot-arm/dofbot_ws/install_color_sorting/dofbot_interface/local/lib/python3.10/dist-packages/dofbot_interface/msg/_joint_info_s.c\n'}
[3.292474] (dofbot_interface) StdoutLine: {'line': b'-- Installing: /home/jloy/Desktop/robot-arm/dofbot_ws/install_color_sorting/dofbot_interface/local/lib/python3.10/dist-packages/dofbot_interface/msg/_april_tag_info.py\n'}
[3.292497] (dofbot_interface) StdoutLine: {'line': b'-- Installing: /home/jloy/Desktop/robot-arm/dofbot_ws/install_color_sorting/dofbot_interface/local/lib/python3.10/dist-packages/dofbot_interface/msg/_image_msg_s.c\n'}
[3.292519] (dofbot_interface) StdoutLine: {'line': b'-- Installing: /home/jloy/Desktop/robot-arm/dofbot_ws/install_color_sorting/dofbot_interface/local/lib/python3.10/dist-packages/dofbot_interface/_dofbot_interface_s.ep.rosidl_typesupport_fastrtps_c.c\n'}
[3.292543] (dofbot_interface) StdoutLine: {'line': b'-- Installing: /home/jloy/Desktop/robot-arm/dofbot_ws/install_color_sorting/dofbot_interface/local/lib/python3.10/dist-packages/dofbot_interface/_dofbot_interface_s.ep.rosidl_typesupport_c.c\n'}
[3.292565] (dofbot_interface) StdoutLine: {'line': b'-- Installing: /home/jloy/Desktop/robot-arm/dofbot_ws/install_color_sorting/dofbot_interface/local/lib/python3.10/dist-packages/dofbot_interface/__init__.py\n'}
[3.292588] (dofbot_interface) StdoutLine: {'line': b'-- Installing: /home/jloy/Desktop/robot-arm/dofbot_ws/install_color_sorting/dofbot_interface/local/lib/python3.10/dist-packages/dofbot_interface/dofbot_interface_s__rosidl_typesupport_c.cpython-310-x86_64-linux-gnu.so\n'}
[3.292611] (dofbot_interface) StdoutLine: {'line': b'-- Installing: /home/jloy/Desktop/robot-arm/dofbot_ws/install_color_sorting/dofbot_interface/local/lib/python3.10/dist-packages/dofbot_interface/dofbot_interface_s__rosidl_typesupport_fastrtps_c.cpython-310-x86_64-linux-gnu.so\n'}
[3.292634] (dofbot_interface) StdoutLine: {'line': b'-- Installing: /home/jloy/Desktop/robot-arm/dofbot_ws/install_color_sorting/dofbot_interface/local/lib/python3.10/dist-packages/dofbot_interface/_dofbot_interface_s.ep.rosidl_typesupport_introspection_c.c\n'}
[3.292657] (dofbot_interface) StdoutLine: {'line': b'-- Installing: /home/jloy/Desktop/robot-arm/dofbot_ws/install_color_sorting/dofbot_interface/local/lib/python3.10/dist-packages/dofbot_interface/libdofbot_interface__rosidl_generator_py.so\n'}
[3.292679] (dofbot_interface) StdoutLine: {'line': b'-- Installing: /home/jloy/Desktop/robot-arm/dofbot_ws/install_color_sorting/dofbot_interface/local/lib/python3.10/dist-packages/dofbot_interface/srv\n'}
[3.292702] (dofbot_interface) StdoutLine: {'line': b'-- Installing: /home/jloy/Desktop/robot-arm/dofbot_ws/install_color_sorting/dofbot_interface/local/lib/python3.10/dist-packages/dofbot_interface/srv/_dofbot_pro_kinemarics_s.c\n'}
[3.292724] (dofbot_interface) StdoutLine: {'line': b'-- Installing: /home/jloy/Desktop/robot-arm/dofbot_ws/install_color_sorting/dofbot_interface/local/lib/python3.10/dist-packages/dofbot_interface/srv/_cur_joint.py\n'}
[3.292747] (dofbot_interface) StdoutLine: {'line': b'-- Installing: /home/jloy/Desktop/robot-arm/dofbot_ws/install_color_sorting/dofbot_interface/local/lib/python3.10/dist-packages/dofbot_interface/srv/_kinemarics.py\n'}
[3.292769] (dofbot_interface) StdoutLine: {'line': b'-- Installing: /home/jloy/Desktop/robot-arm/dofbot_ws/install_color_sorting/dofbot_interface/local/lib/python3.10/dist-packages/dofbot_interface/srv/__init__.py\n'}
[3.292793] (dofbot_interface) StdoutLine: {'line': b'-- Installing: /home/jloy/Desktop/robot-arm/dofbot_ws/install_color_sorting/dofbot_interface/local/lib/python3.10/dist-packages/dofbot_interface/srv/_dofbot_pro_kinemarics.py\n'}
[3.292816] (dofbot_interface) StdoutLine: {'line': b'-- Installing: /home/jloy/Desktop/robot-arm/dofbot_ws/install_color_sorting/dofbot_interface/local/lib/python3.10/dist-packages/dofbot_interface/srv/_cur_joint_s.c\n'}
[3.292839] (dofbot_interface) StdoutLine: {'line': b'-- Installing: /home/jloy/Desktop/robot-arm/dofbot_ws/install_color_sorting/dofbot_interface/local/lib/python3.10/dist-packages/dofbot_interface/srv/_kinemarics_s.c\n'}
[3.308632] (-) TimerEvent: {}
[3.318969] (dofbot_interface) StdoutLine: {'line': b"Listing '/home/jloy/Desktop/robot-arm/dofbot_ws/install_color_sorting/dofbot_interface/local/lib/python3.10/dist-packages/dofbot_interface'...\n"}
[3.319144] (dofbot_interface) StdoutLine: {'line': b"Compiling '/home/jloy/Desktop/robot-arm/dofbot_ws/install_color_sorting/dofbot_interface/local/lib/python3.10/dist-packages/dofbot_interface/__init__.py'...\n"}
[3.319234] (dofbot_interface) StdoutLine: {'line': b"Listing '/home/jloy/Desktop/robot-arm/dofbot_ws/install_color_sorting/dofbot_interface/local/lib/python3.10/dist-packages/dofbot_interface/msg'...\n"}
[3.319272] (dofbot_interface) StdoutLine: {'line': b"Compiling '/home/jloy/Desktop/robot-arm/dofbot_ws/install_color_sorting/dofbot_interface/local/lib/python3.10/dist-packages/dofbot_interface/msg/__init__.py'...\n"}
[3.319304] (dofbot_interface) StdoutLine: {'line': b"Compiling '/home/jloy/Desktop/robot-arm/dofbot_ws/install_color_sorting/dofbot_interface/local/lib/python3.10/dist-packages/dofbot_interface/msg/_april_tag_info.py'...\n"}
[3.319330] (dofbot_interface) StdoutLine: {'line': b"Compiling '/home/jloy/Desktop/robot-arm/dofbot_ws/install_color_sorting/dofbot_interface/local/lib/python3.10/dist-packages/dofbot_interface/msg/_arm_joint.py'...\n"}
[3.319381] (dofbot_interface) StdoutLine: {'line': b"Compiling '/home/jloy/Desktop/robot-arm/dofbot_ws/install_color_sorting/dofbot_interface/local/lib/python3.10/dist-packages/dofbot_interface/msg/_image_msg.py'...\n"}
[3.319515] (dofbot_interface) StdoutLine: {'line': b"Compiling '/home/jloy/Desktop/robot-arm/dofbot_ws/install_color_sorting/dofbot_interface/local/lib/python3.10/dist-packages/dofbot_interface/msg/_joint_info.py'...\n"}
[3.319594] (dofbot_interface) StdoutLine: {'line': b"Compiling '/home/jloy/Desktop/robot-arm/dofbot_ws/install_color_sorting/dofbot_interface/local/lib/python3.10/dist-packages/dofbot_interface/msg/_pos_info.py'...\n"}
[3.319649] (dofbot_interface) StdoutLine: {'line': b"Compiling '/home/jloy/Desktop/robot-arm/dofbot_ws/install_color_sorting/dofbot_interface/local/lib/python3.10/dist-packages/dofbot_interface/msg/_position.py'...\n"}
[3.319693] (dofbot_interface) StdoutLine: {'line': b"Compiling '/home/jloy/Desktop/robot-arm/dofbot_ws/install_color_sorting/dofbot_interface/local/lib/python3.10/dist-packages/dofbot_interface/msg/_width_info.py'...\n"}
[3.319720] (dofbot_interface) StdoutLine: {'line': b"Compiling '/home/jloy/Desktop/robot-arm/dofbot_ws/install_color_sorting/dofbot_interface/local/lib/python3.10/dist-packages/dofbot_interface/msg/_yolov11_detect.py'...\n"}
[3.319747] (dofbot_interface) StdoutLine: {'line': b"Listing '/home/jloy/Desktop/robot-arm/dofbot_ws/install_color_sorting/dofbot_interface/local/lib/python3.10/dist-packages/dofbot_interface/srv'...\n"}
[3.319773] (dofbot_interface) StdoutLine: {'line': b"Compiling '/home/jloy/Desktop/robot-arm/dofbot_ws/install_color_sorting/dofbot_interface/local/lib/python3.10/dist-packages/dofbot_interface/srv/__init__.py'...\n"}
[3.319799] (dofbot_interface) StdoutLine: {'line': b"Compiling '/home/jloy/Desktop/robot-arm/dofbot_ws/install_color_sorting/dofbot_interface/local/lib/python3.10/dist-packages/dofbot_interface/srv/_cur_joint.py'...\n"}
[3.319825] (dofbot_interface) StdoutLine: {'line': b"Compiling '/home/jloy/Desktop/robot-arm/dofbot_ws/install_color_sorting/dofbot_interface/local/lib/python3.10/dist-packages/dofbot_interface/srv/_dofbot_pro_kinemarics.py'...\n"}
[3.319856] (dofbot_interface) StdoutLine: {'line': b"Compiling '/home/jloy/Desktop/robot-arm/dofbot_ws/install_color_sorting/dofbot_interface/local/lib/python3.10/dist-packages/dofbot_interface/srv/_kinemarics.py'...\n"}
[3.322089] (dofbot_interface) StdoutLine: {'line': b'-- Installing: /home/jloy/Desktop/robot-arm/dofbot_ws/install_color_sorting/dofbot_interface/local/lib/python3.10/dist-packages/dofbot_interface/dofbot_interface_s__rosidl_typesupport_fastrtps_c.cpython-310-x86_64-linux-gnu.so\n'}
[3.322282] (dofbot_interface) StdoutLine: {'line': b'-- Set runtime path of "/home/jloy/Desktop/robot-arm/dofbot_ws/install_color_sorting/dofbot_interface/local/lib/python3.10/dist-packages/dofbot_interface/dofbot_interface_s__rosidl_typesupport_fastrtps_c.cpython-310-x86_64-linux-gnu.so" to ""\n'}
[3.322436] (dofbot_interface) StdoutLine: {'line': b'-- Installing: /home/jloy/Desktop/robot-arm/dofbot_ws/install_color_sorting/dofbot_interface/local/lib/python3.10/dist-packages/dofbot_interface/dofbot_interface_s__rosidl_typesupport_introspection_c.cpython-310-x86_64-linux-gnu.so\n'}
[3.322719] (dofbot_interface) StdoutLine: {'line': b'-- Set runtime path of "/home/jloy/Desktop/robot-arm/dofbot_ws/install_color_sorting/dofbot_interface/local/lib/python3.10/dist-packages/dofbot_interface/dofbot_interface_s__rosidl_typesupport_introspection_c.cpython-310-x86_64-linux-gnu.so" to ""\n'}
[3.322865] (dofbot_interface) StdoutLine: {'line': b'-- Installing: /home/jloy/Desktop/robot-arm/dofbot_ws/install_color_sorting/dofbot_interface/local/lib/python3.10/dist-packages/dofbot_interface/dofbot_interface_s__rosidl_typesupport_c.cpython-310-x86_64-linux-gnu.so\n'}
[3.323153] (dofbot_interface) StdoutLine: {'line': b'-- Set runtime path of "/home/jloy/Desktop/robot-arm/dofbot_ws/install_color_sorting/dofbot_interface/local/lib/python3.10/dist-packages/dofbot_interface/dofbot_interface_s__rosidl_typesupport_c.cpython-310-x86_64-linux-gnu.so" to ""\n'}
[3.323222] (dofbot_interface) StdoutLine: {'line': b'-- Installing: /home/jloy/Desktop/robot-arm/dofbot_ws/install_color_sorting/dofbot_interface/lib/libdofbot_interface__rosidl_generator_py.so\n'}
[3.323528] (dofbot_interface) StdoutLine: {'line': b'-- Set runtime path of "/home/jloy/Desktop/robot-arm/dofbot_ws/install_color_sorting/dofbot_interface/lib/libdofbot_interface__rosidl_generator_py.so" to ""\n'}
[3.323580] (dofbot_interface) StdoutLine: {'line': b'-- Installing: /home/jloy/Desktop/robot-arm/dofbot_ws/install_color_sorting/dofbot_interface/share/dofbot_interface/rust\n'}
[3.323635] (dofbot_interface) StdoutLine: {'line': b'-- Installing: /home/jloy/Desktop/robot-arm/dofbot_ws/install_color_sorting/dofbot_interface/share/dofbot_interface/rust/Cargo.toml\n'}
[3.323700] (dofbot_interface) StdoutLine: {'line': b'-- Installing: /home/jloy/Desktop/robot-arm/dofbot_ws/install_color_sorting/dofbot_interface/share/dofbot_interface/rust/src\n'}
[3.323744] (dofbot_interface) StdoutLine: {'line': b'-- Installing: /home/jloy/Desktop/robot-arm/dofbot_ws/install_color_sorting/dofbot_interface/share/dofbot_interface/rust/src/msg.rs\n'}
[3.323809] (dofbot_interface) StdoutLine: {'line': b'-- Installing: /home/jloy/Desktop/robot-arm/dofbot_ws/install_color_sorting/dofbot_interface/share/dofbot_interface/rust/src/msg\n'}
[3.323855] (dofbot_interface) StdoutLine: {'line': b'-- Installing: /home/jloy/Desktop/robot-arm/dofbot_ws/install_color_sorting/dofbot_interface/share/dofbot_interface/rust/src/msg/rmw.rs\n'}
[3.323923] (dofbot_interface) StdoutLine: {'line': b'-- Installing: /home/jloy/Desktop/robot-arm/dofbot_ws/install_color_sorting/dofbot_interface/share/dofbot_interface/rust/src/lib.rs\n'}
[3.323978] (dofbot_interface) StdoutLine: {'line': b'-- Installing: /home/jloy/Desktop/robot-arm/dofbot_ws/install_color_sorting/dofbot_interface/share/dofbot_interface/rust/src/srv.rs\n'}
[3.324044] (dofbot_interface) StdoutLine: {'line': b'-- Installing: /home/jloy/Desktop/robot-arm/dofbot_ws/install_color_sorting/dofbot_interface/share/dofbot_interface/rust/src/srv\n'}
[3.324092] (dofbot_interface) StdoutLine: {'line': b'-- Installing: /home/jloy/Desktop/robot-arm/dofbot_ws/install_color_sorting/dofbot_interface/share/dofbot_interface/rust/src/srv/rmw.rs\n'}
[3.324228] (dofbot_interface) StdoutLine: {'line': b'-- Installing: /home/jloy/Desktop/robot-arm/dofbot_ws/install_color_sorting/dofbot_interface/share/dofbot_interface/rust/build.rs\n'}
[3.324328] (dofbot_interface) StdoutLine: {'line': b'-- Installing: /home/jloy/Desktop/robot-arm/dofbot_ws/install_color_sorting/dofbot_interface/share/dofbot_interface/srv/Kinemarics.idl\n'}
[3.324395] (dofbot_interface) StdoutLine: {'line': b'-- Installing: /home/jloy/Desktop/robot-arm/dofbot_ws/install_color_sorting/dofbot_interface/share/dofbot_interface/srv/CurJoint.idl\n'}
[3.324455] (dofbot_interface) StdoutLine: {'line': b'-- Installing: /home/jloy/Desktop/robot-arm/dofbot_ws/install_color_sorting/dofbot_interface/share/dofbot_interface/srv/DofbotProKinemarics.idl\n'}
[3.324531] (dofbot_interface) StdoutLine: {'line': b'-- Installing: /home/jloy/Desktop/robot-arm/dofbot_ws/install_color_sorting/dofbot_interface/share/dofbot_interface/msg/JointInfo.idl\n'}
[3.324589] (dofbot_interface) StdoutLine: {'line': b'-- Installing: /home/jloy/Desktop/robot-arm/dofbot_ws/install_color_sorting/dofbot_interface/share/dofbot_interface/msg/PosInfo.idl\n'}
[3.324663] (dofbot_interface) StdoutLine: {'line': b'-- Installing: /home/jloy/Desktop/robot-arm/dofbot_ws/install_color_sorting/dofbot_interface/share/dofbot_interface/msg/Position.idl\n'}
[3.324720] (dofbot_interface) StdoutLine: {'line': b'-- Installing: /home/jloy/Desktop/robot-arm/dofbot_ws/install_color_sorting/dofbot_interface/share/dofbot_interface/msg/ArmJoint.idl\n'}
[3.324777] (dofbot_interface) StdoutLine: {'line': b'-- Installing: /home/jloy/Desktop/robot-arm/dofbot_ws/install_color_sorting/dofbot_interface/share/dofbot_interface/msg/ImageMsg.idl\n'}
[3.324834] (dofbot_interface) StdoutLine: {'line': b'-- Installing: /home/jloy/Desktop/robot-arm/dofbot_ws/install_color_sorting/dofbot_interface/share/dofbot_interface/msg/WidthInfo.idl\n'}
[3.324905] (dofbot_interface) StdoutLine: {'line': b'-- Installing: /home/jloy/Desktop/robot-arm/dofbot_ws/install_color_sorting/dofbot_interface/share/dofbot_interface/msg/AprilTagInfo.idl\n'}
[3.324962] (dofbot_interface) StdoutLine: {'line': b'-- Installing: /home/jloy/Desktop/robot-arm/dofbot_ws/install_color_sorting/dofbot_interface/share/dofbot_interface/msg/Yolov11Detect.idl\n'}
[3.325024] (dofbot_interface) StdoutLine: {'line': b'-- Installing: /home/jloy/Desktop/robot-arm/dofbot_ws/install_color_sorting/dofbot_interface/share/dofbot_interface/srv/Kinemarics.srv\n'}
[3.325098] (dofbot_interface) StdoutLine: {'line': b'-- Installing: /home/jloy/Desktop/robot-arm/dofbot_ws/install_color_sorting/dofbot_interface/share/dofbot_interface/srv/Kinemarics_Request.msg\n'}
[3.325154] (dofbot_interface) StdoutLine: {'line': b'-- Installing: /home/jloy/Desktop/robot-arm/dofbot_ws/install_color_sorting/dofbot_interface/share/dofbot_interface/srv/Kinemarics_Response.msg\n'}
[3.325210] (dofbot_interface) StdoutLine: {'line': b'-- Installing: /home/jloy/Desktop/robot-arm/dofbot_ws/install_color_sorting/dofbot_interface/share/dofbot_interface/srv/CurJoint.srv\n'}
[3.325273] (dofbot_interface) StdoutLine: {'line': b'-- Installing: /home/jloy/Desktop/robot-arm/dofbot_ws/install_color_sorting/dofbot_interface/share/dofbot_interface/srv/CurJoint_Request.msg\n'}
[3.325385] (dofbot_interface) StdoutLine: {'line': b'-- Installing: /home/jloy/Desktop/robot-arm/dofbot_ws/install_color_sorting/dofbot_interface/share/dofbot_interface/srv/CurJoint_Response.msg\n'}
[3.325468] (dofbot_interface) StdoutLine: {'line': b'-- Installing: /home/jloy/Desktop/robot-arm/dofbot_ws/install_color_sorting/dofbot_interface/share/dofbot_interface/srv/DofbotProKinemarics.srv\n'}
[3.325543] (dofbot_interface) StdoutLine: {'line': b'-- Installing: /home/jloy/Desktop/robot-arm/dofbot_ws/install_color_sorting/dofbot_interface/share/dofbot_interface/srv/DofbotProKinemarics_Request.msg\n'}
[3.325605] (dofbot_interface) StdoutLine: {'line': b'-- Installing: /home/jloy/Desktop/robot-arm/dofbot_ws/install_color_sorting/dofbot_interface/share/dofbot_interface/srv/DofbotProKinemarics_Response.msg\n'}
[3.325673] (dofbot_interface) StdoutLine: {'line': b'-- Installing: /home/jloy/Desktop/robot-arm/dofbot_ws/install_color_sorting/dofbot_interface/share/dofbot_interface/msg/JointInfo.msg\n'}
[3.325753] (dofbot_interface) StdoutLine: {'line': b'-- Installing: /home/jloy/Desktop/robot-arm/dofbot_ws/install_color_sorting/dofbot_interface/share/dofbot_interface/msg/PosInfo.msg\n'}
[3.325797] (dofbot_interface) StdoutLine: {'line': b'-- Installing: /home/jloy/Desktop/robot-arm/dofbot_ws/install_color_sorting/dofbot_interface/share/dofbot_interface/msg/Position.msg\n'}
[3.325874] (dofbot_interface) StdoutLine: {'line': b'-- Installing: /home/jloy/Desktop/robot-arm/dofbot_ws/install_color_sorting/dofbot_interface/share/dofbot_interface/msg/ArmJoint.msg\n'}
[3.325916] (dofbot_interface) StdoutLine: {'line': b'-- Installing: /home/jloy/Desktop/robot-arm/dofbot_ws/install_color_sorting/dofbot_interface/share/dofbot_interface/msg/ImageMsg.msg\n'}
[3.325958] (dofbot_interface) StdoutLine: {'line': b'-- Installing: /home/jloy/Desktop/robot-arm/dofbot_ws/install_color_sorting/dofbot_interface/share/dofbot_interface/msg/WidthInfo.msg\n'}
[3.326035] (dofbot_interface) StdoutLine: {'line': b'-- Installing: /home/jloy/Desktop/robot-arm/dofbot_ws/install_color_sorting/dofbot_interface/share/dofbot_interface/msg/AprilTagInfo.msg\n'}
[3.326078] (dofbot_interface) StdoutLine: {'line': b'-- Installing: /home/jloy/Desktop/robot-arm/dofbot_ws/install_color_sorting/dofbot_interface/share/dofbot_interface/msg/Yolov11Detect.msg\n'}
[3.326119] (dofbot_interface) StdoutLine: {'line': b'-- Up-to-date: /home/jloy/Desktop/robot-arm/dofbot_ws/install_color_sorting/dofbot_interface/share/dofbot_interface/msg\n'}
[3.326202] (dofbot_interface) StdoutLine: {'line': b'-- Up-to-date: /home/jloy/Desktop/robot-arm/dofbot_ws/install_color_sorting/dofbot_interface/share/dofbot_interface/msg/Position.msg\n'}
[3.326245] (dofbot_interface) StdoutLine: {'line': b'-- Installing: /home/jloy/Desktop/robot-arm/dofbot_ws/install_color_sorting/dofbot_interface/share/dofbot_interface/msg/joint_info.msg\n'}
[3.326286] (dofbot_interface) StdoutLine: {'line': b'-- Up-to-date: /home/jloy/Desktop/robot-arm/dofbot_ws/install_color_sorting/dofbot_interface/share/dofbot_interface/msg/ArmJoint.msg\n'}
[3.326328] (dofbot_interface) StdoutLine: {'line': b'-- Up-to-date: /home/jloy/Desktop/robot-arm/dofbot_ws/install_color_sorting/dofbot_interface/share/dofbot_interface/msg/WidthInfo.msg\n'}
[3.326371] (dofbot_interface) StdoutLine: {'line': b'-- Up-to-date: /home/jloy/Desktop/robot-arm/dofbot_ws/install_color_sorting/dofbot_interface/share/dofbot_interface/msg/PosInfo.msg\n'}
[3.326535] (dofbot_interface) StdoutLine: {'line': b'-- Installing: /home/jloy/Desktop/robot-arm/dofbot_ws/install_color_sorting/dofbot_interface/share/dofbot_interface/msg/CenterXY.msg\n'}
[3.326688] (dofbot_interface) StdoutLine: {'line': b'-- Installing: /home/jloy/Desktop/robot-arm/dofbot_ws/install_color_sorting/dofbot_interface/share/dofbot_interface/msg/pos_info.msg\n'}
[3.326818] (dofbot_interface) StdoutLine: {'line': b'-- Up-to-date: /home/jloy/Desktop/robot-arm/dofbot_ws/install_color_sorting/dofbot_interface/share/dofbot_interface/msg/ImageMsg.msg\n'}
[3.326934] (dofbot_interface) StdoutLine: {'line': b'-- Up-to-date: /home/jloy/Desktop/robot-arm/dofbot_ws/install_color_sorting/dofbot_interface/share/dofbot_interface/msg/AprilTagInfo.msg\n'}
[3.327005] (dofbot_interface) StdoutLine: {'line': b'-- Installing: /home/jloy/Desktop/robot-arm/dofbot_ws/install_color_sorting/dofbot_interface/share/dofbot_interface/msg/.ipynb_checkpoints\n'}
[3.327118] (dofbot_interface) StdoutLine: {'line': b'-- Installing: /home/jloy/Desktop/robot-arm/dofbot_ws/install_color_sorting/dofbot_interface/share/dofbot_interface/msg/.ipynb_checkpoints/Position-checkpoint.msg\n'}
[3.327242] (dofbot_interface) StdoutLine: {'line': b'-- Installing: /home/jloy/Desktop/robot-arm/dofbot_ws/install_color_sorting/dofbot_interface/share/dofbot_interface/msg/.ipynb_checkpoints/Posinfo-checkpoint.msg\n'}
[3.327344] (dofbot_interface) StdoutLine: {'line': b'-- Installing: /home/jloy/Desktop/robot-arm/dofbot_ws/install_color_sorting/dofbot_interface/share/dofbot_interface/msg/.ipynb_checkpoints/JointInfo-checkpoint.msg\n'}
[3.327403] (dofbot_interface) StdoutLine: {'line': b'-- Installing: /home/jloy/Desktop/robot-arm/dofbot_ws/install_color_sorting/dofbot_interface/share/dofbot_interface/msg/.ipynb_checkpoints/CurJoints-checkpoint.msg\n'}
[3.327504] (dofbot_interface) StdoutLine: {'line': b'-- Installing: /home/jloy/Desktop/robot-arm/dofbot_ws/install_color_sorting/dofbot_interface/share/dofbot_interface/msg/.ipynb_checkpoints/WidthInfo-checkpoint.msg\n'}
[3.327563] (dofbot_interface) StdoutLine: {'line': b'-- Installing: /home/jloy/Desktop/robot-arm/dofbot_ws/install_color_sorting/dofbot_interface/share/dofbot_interface/msg/.ipynb_checkpoints/TargetXYRoll-checkpoint.msg\n'}
[3.327660] (dofbot_interface) StdoutLine: {'line': b'-- Installing: /home/jloy/Desktop/robot-arm/dofbot_ws/install_color_sorting/dofbot_interface/share/dofbot_interface/msg/.ipynb_checkpoints/joint_info-checkpoint.msg\n'}
[3.327753] (dofbot_interface) StdoutLine: {'line': b'-- Installing: /home/jloy/Desktop/robot-arm/dofbot_ws/install_color_sorting/dofbot_interface/share/dofbot_interface/msg/.ipynb_checkpoints/ArmJoint-checkpoint.msg\n'}
[3.327833] (dofbot_interface) StdoutLine: {'line': b'-- Installing: /home/jloy/Desktop/robot-arm/dofbot_ws/install_color_sorting/dofbot_interface/share/dofbot_interface/msg/.ipynb_checkpoints/CenterXY-checkpoint.msg\n'}
[3.327869] (dofbot_interface) StdoutLine: {'line': b'-- Installing: /home/jloy/Desktop/robot-arm/dofbot_ws/install_color_sorting/dofbot_interface/share/dofbot_interface/msg/.ipynb_checkpoints/pos_info-checkpoint.msg\n'}
[3.327900] (dofbot_interface) StdoutLine: {'line': b'-- Installing: /home/jloy/Desktop/robot-arm/dofbot_ws/install_color_sorting/dofbot_interface/share/dofbot_interface/msg/.ipynb_checkpoints/ShapeInfo-checkpoint.msg\n'}
[3.328231] (dofbot_interface) StdoutLine: {'line': b'-- Installing: /home/jloy/Desktop/robot-arm/dofbot_ws/install_color_sorting/dofbot_interface/share/dofbot_interface/msg/.ipynb_checkpoints/AprilTagInfo-checkpoint.msg\n'}
[3.328361] (dofbot_interface) StdoutLine: {'line': b'-- Up-to-date: /home/jloy/Desktop/robot-arm/dofbot_ws/install_color_sorting/dofbot_interface/share/dofbot_interface/msg/JointInfo.msg\n'}
[3.328482] (dofbot_interface) StdoutLine: {'line': b'-- Up-to-date: /home/jloy/Desktop/robot-arm/dofbot_ws/install_color_sorting/dofbot_interface/share/dofbot_interface/msg/Yolov11Detect.msg\n'}
[3.329309] (dofbot_interface) StdoutLine: {'line': b'-- Installing: /home/jloy/Desktop/robot-arm/dofbot_ws/install_color_sorting/dofbot_interface/share/dofbot_interface/msg/ShapeInfo.msg\n'}
[3.329497] (dofbot_interface) StdoutLine: {'line': b'-- Up-to-date: /home/jloy/Desktop/robot-arm/dofbot_ws/install_color_sorting/dofbot_interface/share/dofbot_interface/srv\n'}
[3.329609] (dofbot_interface) StdoutLine: {'line': b'-- Up-to-date: /home/jloy/Desktop/robot-arm/dofbot_ws/install_color_sorting/dofbot_interface/share/dofbot_interface/srv/DofbotProKinemarics.srv\n'}
[3.329713] (dofbot_interface) StdoutLine: {'line': b'-- Up-to-date: /home/jloy/Desktop/robot-arm/dofbot_ws/install_color_sorting/dofbot_interface/share/dofbot_interface/srv/CurJoint.srv\n'}
[3.330174] (dofbot_interface) StdoutLine: {'line': b'-- Up-to-date: /home/jloy/Desktop/robot-arm/dofbot_ws/install_color_sorting/dofbot_interface/share/dofbot_interface/srv/Kinemarics.srv\n'}
[3.330267] (dofbot_interface) StdoutLine: {'line': b'-- Installing: /home/jloy/Desktop/robot-arm/dofbot_ws/install_color_sorting/dofbot_interface/share/dofbot_interface/srv/.ipynb_checkpoints\n'}
[3.330540] (dofbot_interface) StdoutLine: {'line': b'-- Installing: /home/jloy/Desktop/robot-arm/dofbot_ws/install_color_sorting/dofbot_interface/share/dofbot_interface/srv/.ipynb_checkpoints/Kinemarics-checkpoint.srv\n'}
[3.331111] (dofbot_interface) StdoutLine: {'line': b'-- Installing: /home/jloy/Desktop/robot-arm/dofbot_ws/install_color_sorting/dofbot_interface/share/dofbot_interface/srv/.ipynb_checkpoints/DofbotProKinemarics-checkpoint.srv\n'}
[3.331148] (dofbot_interface) StdoutLine: {'line': b'-- Installing: /home/jloy/Desktop/robot-arm/dofbot_ws/install_color_sorting/dofbot_interface/share/ament_index/resource_index/package_run_dependencies/dofbot_interface\n'}
[3.331175] (dofbot_interface) StdoutLine: {'line': b'-- Installing: /home/jloy/Desktop/robot-arm/dofbot_ws/install_color_sorting/dofbot_interface/share/ament_index/resource_index/parent_prefix_path/dofbot_interface\n'}
[3.331201] (dofbot_interface) StdoutLine: {'line': b'-- Installing: /home/jloy/Desktop/robot-arm/dofbot_ws/install_color_sorting/dofbot_interface/share/dofbot_interface/environment/ament_prefix_path.sh\n'}
[3.331226] (dofbot_interface) StdoutLine: {'line': b'-- Installing: /home/jloy/Desktop/robot-arm/dofbot_ws/install_color_sorting/dofbot_interface/share/dofbot_interface/environment/ament_prefix_path.dsv\n'}
[3.331251] (dofbot_interface) StdoutLine: {'line': b'-- Installing: /home/jloy/Desktop/robot-arm/dofbot_ws/install_color_sorting/dofbot_interface/share/dofbot_interface/environment/path.sh\n'}
[3.331276] (dofbot_interface) StdoutLine: {'line': b'-- Installing: /home/jloy/Desktop/robot-arm/dofbot_ws/install_color_sorting/dofbot_interface/share/dofbot_interface/environment/path.dsv\n'}
[3.331300] (dofbot_interface) StdoutLine: {'line': b'-- Installing: /home/jloy/Desktop/robot-arm/dofbot_ws/install_color_sorting/dofbot_interface/share/dofbot_interface/local_setup.bash\n'}
[3.331325] (dofbot_interface) StdoutLine: {'line': b'-- Installing: /home/jloy/Desktop/robot-arm/dofbot_ws/install_color_sorting/dofbot_interface/share/dofbot_interface/local_setup.sh\n'}
[3.331352] (dofbot_interface) StdoutLine: {'line': b'-- Installing: /home/jloy/Desktop/robot-arm/dofbot_ws/install_color_sorting/dofbot_interface/share/dofbot_interface/local_setup.zsh\n'}
[3.331376] (dofbot_interface) StdoutLine: {'line': b'-- Installing: /home/jloy/Desktop/robot-arm/dofbot_ws/install_color_sorting/dofbot_interface/share/dofbot_interface/local_setup.dsv\n'}
[3.331400] (dofbot_interface) StdoutLine: {'line': b'-- Installing: /home/jloy/Desktop/robot-arm/dofbot_ws/install_color_sorting/dofbot_interface/share/dofbot_interface/package.dsv\n'}
[3.331424] (dofbot_interface) StdoutLine: {'line': b'-- Installing: /home/jloy/Desktop/robot-arm/dofbot_ws/install_color_sorting/dofbot_interface/share/ament_index/resource_index/packages/dofbot_interface\n'}
[3.331448] (dofbot_interface) StdoutLine: {'line': b'-- Installing: /home/jloy/Desktop/robot-arm/dofbot_ws/install_color_sorting/dofbot_interface/share/dofbot_interface/cmake/export_dofbot_interface__rosidl_generator_cExport.cmake\n'}
[3.331472] (dofbot_interface) StdoutLine: {'line': b'-- Installing: /home/jloy/Desktop/robot-arm/dofbot_ws/install_color_sorting/dofbot_interface/share/dofbot_interface/cmake/export_dofbot_interface__rosidl_generator_cExport-noconfig.cmake\n'}
[3.331497] (dofbot_interface) StdoutLine: {'line': b'-- Installing: /home/jloy/Desktop/robot-arm/dofbot_ws/install_color_sorting/dofbot_interface/share/dofbot_interface/cmake/export_dofbot_interface__rosidl_typesupport_fastrtps_cExport.cmake\n'}
[3.331522] (dofbot_interface) StdoutLine: {'line': b'-- Installing: /home/jloy/Desktop/robot-arm/dofbot_ws/install_color_sorting/dofbot_interface/share/dofbot_interface/cmake/export_dofbot_interface__rosidl_typesupport_fastrtps_cExport-noconfig.cmake\n'}
[3.331548] (dofbot_interface) StdoutLine: {'line': b'-- Installing: /home/jloy/Desktop/robot-arm/dofbot_ws/install_color_sorting/dofbot_interface/share/dofbot_interface/cmake/export_dofbot_interface__rosidl_generator_cppExport.cmake\n'}
[3.331573] (dofbot_interface) StdoutLine: {'line': b'-- Installing: /home/jloy/Desktop/robot-arm/dofbot_ws/install_color_sorting/dofbot_interface/share/dofbot_interface/cmake/export_dofbot_interface__rosidl_typesupport_fastrtps_cppExport.cmake\n'}
[3.331600] (dofbot_interface) StdoutLine: {'line': b'-- Installing: /home/jloy/Desktop/robot-arm/dofbot_ws/install_color_sorting/dofbot_interface/share/dofbot_interface/cmake/export_dofbot_interface__rosidl_typesupport_fastrtps_cppExport-noconfig.cmake\n'}
[3.331625] (dofbot_interface) StdoutLine: {'line': b'-- Installing: /home/jloy/Desktop/robot-arm/dofbot_ws/install_color_sorting/dofbot_interface/share/dofbot_interface/cmake/dofbot_interface__rosidl_typesupport_introspection_cExport.cmake\n'}
[3.331651] (dofbot_interface) StdoutLine: {'line': b'-- Installing: /home/jloy/Desktop/robot-arm/dofbot_ws/install_color_sorting/dofbot_interface/share/dofbot_interface/cmake/dofbot_interface__rosidl_typesupport_introspection_cExport-noconfig.cmake\n'}
[3.331680] (dofbot_interface) StdoutLine: {'line': b'-- Installing: /home/jloy/Desktop/robot-arm/dofbot_ws/install_color_sorting/dofbot_interface/share/dofbot_interface/cmake/dofbot_interface__rosidl_typesupport_cExport.cmake\n'}
[3.331704] (dofbot_interface) StdoutLine: {'line': b'-- Installing: /home/jloy/Desktop/robot-arm/dofbot_ws/install_color_sorting/dofbot_interface/share/dofbot_interface/cmake/dofbot_interface__rosidl_typesupport_cExport-noconfig.cmake\n'}
[3.331778] (dofbot_interface) StdoutLine: {'line': b'-- Installing: /home/jloy/Desktop/robot-arm/dofbot_ws/install_color_sorting/dofbot_interface/share/dofbot_interface/cmake/dofbot_interface__rosidl_typesupport_introspection_cppExport.cmake\n'}
[3.331933] (dofbot_interface) StdoutLine: {'line': b'-- Installing: /home/jloy/Desktop/robot-arm/dofbot_ws/install_color_sorting/dofbot_interface/share/dofbot_interface/cmake/dofbot_interface__rosidl_typesupport_introspection_cppExport-noconfig.cmake\n'}
[3.331972] (dofbot_interface) StdoutLine: {'line': b'-- Installing: /home/jloy/Desktop/robot-arm/dofbot_ws/install_color_sorting/dofbot_interface/share/dofbot_interface/cmake/dofbot_interface__rosidl_typesupport_cppExport.cmake\n'}
[3.332007] (dofbot_interface) StdoutLine: {'line': b'-- Installing: /home/jloy/Desktop/robot-arm/dofbot_ws/install_color_sorting/dofbot_interface/share/dofbot_interface/cmake/dofbot_interface__rosidl_typesupport_cppExport-noconfig.cmake\n'}
[3.332036] (dofbot_interface) StdoutLine: {'line': b'-- Installing: /home/jloy/Desktop/robot-arm/dofbot_ws/install_color_sorting/dofbot_interface/share/dofbot_interface/cmake/export_dofbot_interface__rosidl_generator_pyExport.cmake\n'}
[3.332060] (dofbot_interface) StdoutLine: {'line': b'-- Installing: /home/jloy/Desktop/robot-arm/dofbot_ws/install_color_sorting/dofbot_interface/share/dofbot_interface/cmake/export_dofbot_interface__rosidl_generator_pyExport-noconfig.cmake\n'}
[3.332086] (dofbot_interface) StdoutLine: {'line': b'-- Installing: /home/jloy/Desktop/robot-arm/dofbot_ws/install_color_sorting/dofbot_interface/share/dofbot_interface/cmake/rosidl_cmake-extras.cmake\n'}
[3.332112] (dofbot_interface) StdoutLine: {'line': b'-- Installing: /home/jloy/Desktop/robot-arm/dofbot_ws/install_color_sorting/dofbot_interface/share/dofbot_interface/cmake/ament_cmake_export_dependencies-extras.cmake\n'}
[3.332136] (dofbot_interface) StdoutLine: {'line': b'-- Installing: /home/jloy/Desktop/robot-arm/dofbot_ws/install_color_sorting/dofbot_interface/share/dofbot_interface/cmake/ament_cmake_export_include_directories-extras.cmake\n'}
[3.332160] (dofbot_interface) StdoutLine: {'line': b'-- Installing: /home/jloy/Desktop/robot-arm/dofbot_ws/install_color_sorting/dofbot_interface/share/dofbot_interface/cmake/ament_cmake_export_libraries-extras.cmake\n'}
[3.332183] (dofbot_interface) StdoutLine: {'line': b'-- Installing: /home/jloy/Desktop/robot-arm/dofbot_ws/install_color_sorting/dofbot_interface/share/dofbot_interface/cmake/ament_cmake_export_targets-extras.cmake\n'}
[3.332207] (dofbot_interface) StdoutLine: {'line': b'-- Installing: /home/jloy/Desktop/robot-arm/dofbot_ws/install_color_sorting/dofbot_interface/share/dofbot_interface/cmake/rosidl_cmake_export_typesupport_targets-extras.cmake\n'}
[3.332230] (dofbot_interface) StdoutLine: {'line': b'-- Installing: /home/jloy/Desktop/robot-arm/dofbot_ws/install_color_sorting/dofbot_interface/share/dofbot_interface/cmake/rosidl_cmake_export_typesupport_libraries-extras.cmake\n'}
[3.332254] (dofbot_interface) StdoutLine: {'line': b'-- Installing: /home/jloy/Desktop/robot-arm/dofbot_ws/install_color_sorting/dofbot_interface/share/dofbot_interface/cmake/rosidl_cmake_aggregate_target-extras.cmake\n'}
[3.332277] (dofbot_interface) StdoutLine: {'line': b'-- Installing: /home/jloy/Desktop/robot-arm/dofbot_ws/install_color_sorting/dofbot_interface/share/dofbot_interface/cmake/dofbot_interfaceConfig.cmake\n'}
[3.332300] (dofbot_interface) StdoutLine: {'line': b'-- Installing: /home/jloy/Desktop/robot-arm/dofbot_ws/install_color_sorting/dofbot_interface/share/dofbot_interface/cmake/dofbot_interfaceConfig-version.cmake\n'}
[3.332326] (dofbot_interface) StdoutLine: {'line': b'-- Installing: /home/jloy/Desktop/robot-arm/dofbot_ws/install_color_sorting/dofbot_interface/share/dofbot_interface/package.xml\n'}
[3.408716] (-) TimerEvent: {}
[3.508858] (-) TimerEvent: {}
[3.609150] (-) TimerEvent: {}
[3.709298] (-) TimerEvent: {}
[3.809505] (-) TimerEvent: {}
[3.909759] (-) TimerEvent: {}
[4.009906] (-) TimerEvent: {}
[4.110125] (-) TimerEvent: {}
[4.210269] (-) TimerEvent: {}
[4.310434] (-) TimerEvent: {}
[4.410676] (-) TimerEvent: {}
[4.510858] (-) TimerEvent: {}
[4.611101] (-) TimerEvent: {}
[4.711250] (-) TimerEvent: {}
[4.811406] (-) TimerEvent: {}
[4.911612] (-) TimerEvent: {}
[5.011854] (-) TimerEvent: {}
[5.112176] (-) TimerEvent: {}
[5.212339] (-) TimerEvent: {}
[5.312526] (-) TimerEvent: {}
[5.412707] (-) TimerEvent: {}
[5.513018] (-) TimerEvent: {}
[5.613177] (-) TimerEvent: {}
[5.713368] (-) TimerEvent: {}
[5.813559] (-) TimerEvent: {}
[5.913745] (-) TimerEvent: {}
[6.013934] (-) TimerEvent: {}
[6.114205] (-) TimerEvent: {}
[6.214354] (-) TimerEvent: {}
[6.314555] (-) TimerEvent: {}
[6.414835] (-) TimerEvent: {}
[6.515057] (-) TimerEvent: {}
[6.615268] (-) TimerEvent: {}
[6.715416] (-) TimerEvent: {}
[6.815600] (-) TimerEvent: {}
[6.915793] (-) TimerEvent: {}
[7.016116] (-) TimerEvent: {}
[7.116263] (-) TimerEvent: {}
[7.216519] (-) TimerEvent: {}
[7.316803] (-) TimerEvent: {}
[7.416951] (-) TimerEvent: {}
[7.517189] (-) TimerEvent: {}
[7.617336] (-) TimerEvent: {}
[7.717621] (-) TimerEvent: {}
[7.817890] (-) TimerEvent: {}
[7.918208] (-) TimerEvent: {}
[8.018403] (-) TimerEvent: {}
[8.118580] (-) TimerEvent: {}
[8.218869] (-) TimerEvent: {}
[8.319052] (-) TimerEvent: {}
[8.419211] (-) TimerEvent: {}
[8.519505] (-) TimerEvent: {}
[8.619667] (-) TimerEvent: {}
[8.719956] (-) TimerEvent: {}
[8.820134] (-) TimerEvent: {}
[8.920282] (-) TimerEvent: {}
[9.020494] (-) TimerEvent: {}
[9.120726] (-) TimerEvent: {}
[9.220948] (-) TimerEvent: {}
[9.321130] (-) TimerEvent: {}
[9.421275] (-) TimerEvent: {}
[9.521450] (-) TimerEvent: {}
[9.621674] (-) TimerEvent: {}
[9.721870] (-) TimerEvent: {}
[9.822172] (-) TimerEvent: {}
[9.922322] (-) TimerEvent: {}
[10.022570] (-) TimerEvent: {}
[10.122872] (-) TimerEvent: {}
[10.223088] (-) TimerEvent: {}
[10.323244] (-) TimerEvent: {}
[10.423410] (-) TimerEvent: {}
[10.523735] (-) TimerEvent: {}
[10.623921] (-) TimerEvent: {}
[10.724103] (-) TimerEvent: {}
[10.824253] (-) TimerEvent: {}
[10.924402] (-) TimerEvent: {}
[11.024686] (-) TimerEvent: {}
[11.124941] (-) TimerEvent: {}
[11.225171] (-) TimerEvent: {}
[11.325346] (-) TimerEvent: {}
[11.425521] (-) TimerEvent: {}
[11.525803] (-) TimerEvent: {}
[11.625999] (-) TimerEvent: {}
[11.726157] (-) TimerEvent: {}
[11.826306] (-) TimerEvent: {}
[11.926580] (-) TimerEvent: {}
[12.026780] (-) TimerEvent: {}
[12.126966] (-) TimerEvent: {}
[12.227149] (-) TimerEvent: {}
[12.327335] (-) TimerEvent: {}
[12.427521] (-) TimerEvent: {}
[12.527725] (-) TimerEvent: {}
[12.627878] (-) TimerEvent: {}
[12.728070] (-) TimerEvent: {}
[12.828230] (-) TimerEvent: {}
[12.928387] (-) TimerEvent: {}
[13.028582] (-) TimerEvent: {}
[13.128737] (-) TimerEvent: {}
[13.228922] (-) TimerEvent: {}
[13.329085] (-) TimerEvent: {}
[13.429254] (-) TimerEvent: {}
[13.529410] (-) TimerEvent: {}
[13.629692] (-) TimerEvent: {}
[13.729926] (-) TimerEvent: {}
[13.830072] (-) TimerEvent: {}
[13.930221] (-) TimerEvent: {}
[14.030420] (-) TimerEvent: {}
[14.130588] (-) TimerEvent: {}
[14.230772] (-) TimerEvent: {}
[14.330928] (-) TimerEvent: {}
[14.431208] (-) TimerEvent: {}
[14.531378] (-) TimerEvent: {}
[14.631552] (-) TimerEvent: {}
[14.731697] (-) TimerEvent: {}
[14.831843] (-) TimerEvent: {}
[14.932151] (-) TimerEvent: {}
[15.032310] (-) TimerEvent: {}
[15.132502] (-) TimerEvent: {}
[15.232791] (-) TimerEvent: {}
[15.333004] (-) TimerEvent: {}
[15.433151] (-) TimerEvent: {}
[15.533295] (-) TimerEvent: {}
[15.633503] (-) TimerEvent: {}
[15.733703] (-) TimerEvent: {}
[15.833990] (-) TimerEvent: {}
[15.934204] (-) TimerEvent: {}
[16.034354] (-) TimerEvent: {}
[16.134494] (-) TimerEvent: {}
[16.234636] (-) TimerEvent: {}
[16.334901] (-) TimerEvent: {}
[16.435082] (-) TimerEvent: {}
[16.535234] (-) TimerEvent: {}
[16.635465] (-) TimerEvent: {}
[16.735710] (-) TimerEvent: {}
[16.835954] (-) TimerEvent: {}
[16.936148] (-) TimerEvent: {}
[17.036340] (-) TimerEvent: {}
[17.136566] (-) TimerEvent: {}
[17.236834] (-) TimerEvent: {}
[17.337145] (-) TimerEvent: {}
[17.437294] (-) TimerEvent: {}
[17.537567] (-) TimerEvent: {}
[17.637763] (-) TimerEvent: {}
[17.737963] (-) TimerEvent: {}
[17.838208] (-) TimerEvent: {}
[17.938389] (-) TimerEvent: {}
[18.038635] (-) TimerEvent: {}
[18.138815] (-) TimerEvent: {}
[18.239120] (-) TimerEvent: {}
[18.339302] (-) TimerEvent: {}
[18.439578] (-) TimerEvent: {}
[18.539761] (-) TimerEvent: {}
[18.640030] (-) TimerEvent: {}
[18.740182] (-) TimerEvent: {}
[18.840376] (-) TimerEvent: {}
[18.940522] (-) TimerEvent: {}
[19.040709] (-) TimerEvent: {}
[19.140905] (-) TimerEvent: {}
[19.241068] (-) TimerEvent: {}
[19.341247] (-) TimerEvent: {}
[19.441445] (-) TimerEvent: {}
[19.541738] (-) TimerEvent: {}
[19.642041] (-) TimerEvent: {}
[19.742234] (-) TimerEvent: {}
[19.842440] (-) TimerEvent: {}
[19.942592] (-) TimerEvent: {}
[20.042893] (-) TimerEvent: {}
[20.143056] (-) TimerEvent: {}
[20.243257] (-) TimerEvent: {}
[20.343453] (-) TimerEvent: {}
[20.443742] (-) TimerEvent: {}
[20.543900] (-) TimerEvent: {}
[20.644179] (-) TimerEvent: {}
[20.744329] (-) TimerEvent: {}
[20.844523] (-) TimerEvent: {}
[20.944759] (-) TimerEvent: {}
[21.045057] (-) TimerEvent: {}
[21.145288] (-) TimerEvent: {}
[21.245507] (-) TimerEvent: {}
[21.345779] (-) TimerEvent: {}
[21.445943] (-) TimerEvent: {}
[21.546188] (-) TimerEvent: {}
[21.646399] (-) TimerEvent: {}
[21.746600] (-) TimerEvent: {}
[21.846808] (-) TimerEvent: {}
[21.947102] (-) TimerEvent: {}
[22.047317] (-) TimerEvent: {}
[22.147481] (-) TimerEvent: {}
[22.247687] (-) TimerEvent: {}
[22.347893] (-) TimerEvent: {}
[22.448124] (-) TimerEvent: {}
[22.548311] (-) TimerEvent: {}
[22.648615] (-) TimerEvent: {}
[22.748826] (-) TimerEvent: {}
[22.849103] (-) TimerEvent: {}
[22.949289] (-) TimerEvent: {}
[23.049484] (-) TimerEvent: {}
[23.149743] (-) TimerEvent: {}
[23.250128] (-) TimerEvent: {}
[23.350322] (-) TimerEvent: {}
[23.450480] (-) TimerEvent: {}
[23.550765] (-) TimerEvent: {}
[23.650949] (-) TimerEvent: {}
[23.751324] (-) TimerEvent: {}
[23.851590] (-) TimerEvent: {}
[23.951780] (-) TimerEvent: {}
[24.051991] (-) TimerEvent: {}
[24.152189] (-) TimerEvent: {}
[24.252399] (-) TimerEvent: {}
[24.352570] (-) TimerEvent: {}
[24.452874] (-) TimerEvent: {}
[24.553169] (-) TimerEvent: {}
[24.653372] (-) TimerEvent: {}
[24.753628] (-) TimerEvent: {}
[24.853816] (-) TimerEvent: {}
[24.954113] (-) TimerEvent: {}
[25.054281] (-) TimerEvent: {}
[25.154540] (-) TimerEvent: {}
[25.254751] (-) TimerEvent: {}
[25.355049] (-) TimerEvent: {}
[25.455197] (-) TimerEvent: {}
[25.555344] (-) TimerEvent: {}
[25.655610] (-) TimerEvent: {}
[25.755804] (-) TimerEvent: {}
[25.856113] (-) TimerEvent: {}
[25.956272] (-) TimerEvent: {}
[26.056509] (-) TimerEvent: {}
[26.156664] (-) TimerEvent: {}
[26.256958] (-) TimerEvent: {}
[26.357242] (-) TimerEvent: {}
[26.457438] (-) TimerEvent: {}
[26.557724] (-) TimerEvent: {}
[26.657887] (-) TimerEvent: {}
[26.758036] (-) TimerEvent: {}
[26.858222] (-) TimerEvent: {}
[26.958415] (-) TimerEvent: {}
[27.058708] (-) TimerEvent: {}
[27.158867] (-) TimerEvent: {}
[27.259123] (-) TimerEvent: {}
[27.359287] (-) TimerEvent: {}
[27.459441] (-) TimerEvent: {}
[27.559735] (-) TimerEvent: {}
[27.659938] (-) TimerEvent: {}
[27.760153] (-) TimerEvent: {}
[27.860304] (-) TimerEvent: {}
[27.960528] (-) TimerEvent: {}
[28.060735] (-) TimerEvent: {}
[28.161040] (-) TimerEvent: {}
[28.261231] (-) TimerEvent: {}
[28.361443] (-) TimerEvent: {}
[28.461659] (-) TimerEvent: {}
[28.561883] (-) TimerEvent: {}
[28.662035] (-) TimerEvent: {}
[28.762198] (-) TimerEvent: {}
[28.862420] (-) TimerEvent: {}
[28.962571] (-) TimerEvent: {}
[29.062769] (-) TimerEvent: {}
[29.162918] (-) TimerEvent: {}
[29.263071] (-) TimerEvent: {}
[29.363245] (-) TimerEvent: {}
[29.463450] (-) TimerEvent: {}
[29.563660] (-) TimerEvent: {}
[29.663855] (-) TimerEvent: {}
[29.764148] (-) TimerEvent: {}
[29.864339] (-) TimerEvent: {}
[29.964501] (-) TimerEvent: {}
[30.027789] (dofbot_interface) CommandEnded: {'returncode': 0}
[30.044955] (dofbot_interface) JobEnded: {'identifier': 'dofbot_interface', 'rc': 0}
[30.045502] (-) EventReactorShutdown: {}
